Increase,Decrease,Retail Sales,Durable Goods Orders,CEI,LAG,Net Sentiment Score,Positive Frequency,Negative Frequency,Word Count,Standardized Sentiment Score,Short-Term Treasury Diff,LEI_RollingMean,CEI_RollingMean,LAG_RollingMean,Retail Sales_RollingMean,Durable Goods Orders_RollingMean,adverse,adversely,aftermath,attain,attractive,breaching,cease,ceased,concern,contraction,correction,cutback,decline,delayed,depress,depressing,deterioration,diminished,discontinuance,discrepancy,dismissed,dissented,downgrade,downturn,downward,dropped,easing,encouragement,excessive,hardship,harmed,harming,ill,impair,impede,improved,inhibited,intermittently,irregular,lacked,layoff,liquidation,loss,lost,markdown,negative,opportunity,oppose,persist,poor,profitability,progressed,protest,quit,rebound,recession,regain,satisfactory,severity,sharply,sluggish,stabilization,stabilized,standstill,stopped,strain,stressing,stringent,stronger,susceptible,threat,tremendous,unavailability,unsold,unsustainable,unwanted,unwilling,vulnerable,weak,weakening,weaker,weakest,weakness,Difference,Date
0.0,0.5,160605.0,126529.0,-0.1128925103574425,0.4696780880638282,-65.0,88.0,153.0,4268.0,0.8886150813208478,-0.02,-1.2021848248045672,-0.2412043422148596,0.3841807257696259,157637.33333333334,124976.0,-3,0,0,0,1,0,0,0,-6,-1,0,-2,-11,0,0,-1,0,0,0,0,0,0,0,0,-1,-3,0,0,0,0,0,0,0,0,0,4,0,0,0,0,0,0,0,0,0,-1,0,0,-2,0,0,0,0,0,0,0,0,0,0,-3,0,1,0,0,0,0,0,0,0,0,0,0,0,0,0,0,0,-2,-2,-3,0,0,-5,0.0,1993-05-18
0.0,0.0,162816.0,128111.0,-0.0504468528447284,-0.0288762470466625,-7.0,61.0,68.0,2859.0,0.9457861015278464,0.02,-0.7325139057361971,-0.2437304600475697,-0.0940473721457881,159391.0,127134.0,0,0,0,0,0,0,0,0,-3,0,0,-1,-8,0,0,-1,0,-2,0,0,0,-1,0,0,-1,0,-3,2,-1,0,0,0,0,0,0,6,0,0,0,0,0,0,0,0,0,-2,0,0,-5,0,0,0,0,0,1,0,0,2,0,-1,-2,1,0,0,0,0,0,0,3,0,0,0,0,0,0,0,0,0,-3,0,-2,0,-4,-0.5,1993-07-07
0.0,0.0,162506.0,129378.0,-0.0337606199013316,0.1005062778512568,-12.0,75.0,87.0,3045.0,0.940857565303105,0.0599999999999996,-0.4039223083673099,-0.0656999943678341,0.1804360396228075,161975.66666666666,128006.0,-1,-1,-1,0,0,0,0,0,-6,0,0,-2,-6,0,-1,0,0,0,0,0,0,0,0,0,-1,-2,0,1,0,0,0,0,0,0,0,3,-1,0,0,0,0,0,0,-1,0,-3,2,0,-2,0,0,0,0,0,0,0,0,0,0,0,-1,0,0,0,0,0,0,0,0,0,0,0,0,0,0,0,0,0,-1,0,0,0,-1,0.0,1993-08-17
0.0,0.0,163258.0,127233.0,0.4668643919024826,1.6734792672569565,-12.0,81.0,93.0,3582.0,0.940857565303105,-0.0599999999999996,-0.1505506656849212,0.1275523063854741,0.5817030993538502,162860.0,128240.66666666669,-1,0,0,0,0,0,0,0,-4,0,-1,-1,-13,0,-1,-1,0,-1,0,0,0,0,0,0,0,-1,-1,0,0,0,0,0,0,0,0,2,0,0,0,0,0,0,-1,-1,0,-1,0,0,-1,0,0,0,0,0,0,0,0,3,0,-3,-2,0,0,0,0,0,0,0,0,0,0,0,0,0,0,0,0,0,-2,0,0,0,-4,0.0,1993-09-21
0.0,0.0,166594.0,130391.0,0.5032184404539451,1.7401684864260945,3.0,89.0,86.0,3502.0,0.9556431739773288,0.0,-0.1150551602117738,0.3121074041516987,1.171384677178103,164119.33333333334,129000.66666666669,0,0,0,0,0,0,0,0,-3,0,-2,0,-5,0,0,0,0,0,0,0,0,0,0,0,0,-1,0,0,0,0,0,0,0,0,0,1,0,0,0,0,0,0,0,0,0,-2,0,0,-3,0,0,0,0,0,2,-1,0,0,0,-3,-3,0,0,0,0,0,0,0,3,0,0,0,0,0,0,0,0,0,-2,0,-1,0,-1,0.0,1993-11-16
0.25,0.0,168161.0,133565.0,0.5805992602816523,1.9820829595532417,-11.0,114.0,125.0,6108.0,0.9418432725480532,0.0799999999999996,-0.0485363626867275,0.51689403087936,1.7985769044120976,166004.33333333334,130396.33333333331,-3,0,0,0,0,0,0,0,-5,0,0,-1,-6,0,0,-1,0,-1,0,0,0,-1,0,-1,0,0,-1,0,0,0,0,0,0,0,0,2,0,0,0,0,0,0,0,0,0,-1,2,0,-1,0,0,0,0,0,3,0,0,1,0,-2,0,0,0,0,0,0,0,0,3,0,0,0,0,0,-2,0,0,0,0,0,0,0,-2,0.0,1993-12-21
0.25,0.0,167518.0,138498.0,0.0845383444182342,0.9711095446928284,-42.0,71.0,113.0,3871.0,0.9112863479546576,-0.0999999999999996,-0.2461206645077804,0.3894520150512772,1.5644536635573882,167424.33333333334,134151.33333333334,-4,-1,0,0,0,0,-1,0,-4,0,0,-1,-5,-1,-2,0,0,-2,-1,0,0,-1,0,0,0,0,0,0,0,0,0,0,0,0,0,2,0,0,0,0,0,0,-1,0,0,-3,1,0,-3,0,0,0,0,0,0,0,0,2,0,-4,-2,3,0,0,0,0,0,0,2,0,0,0,0,0,0,0,0,0,-1,0,0,0,0,0.25,1994-02-04
0.5,0.0,172766.0,136548.0,1.0484963099413769,4.44637727604245,-13.0,72.0,85.0,2994.0,0.9398718580581568,0.54,-0.532483926987303,0.5712113048804212,2.466523260096173,169481.66666666666,136203.66666666666,-5,0,0,0,0,0,0,0,-3,0,0,-1,-10,0,0,0,0,-4,0,0,0,-2,0,0,-1,0,-2,0,-1,0,0,0,0,0,0,1,0,0,0,0,0,0,0,0,0,-2,0,0,-1,0,0,0,0,0,2,0,0,0,0,-2,0,1,1,0,0,0,0,0,3,0,0,0,0,0,0,0,0,-1,-2,0,0,0,-2,0.25,1994-03-22
0.0,0.0,172329.0,142630.0,0.3757512425034954,2.449012330647448,-61.0,78.0,139.0,4022.0,0.8925579103006408,0.6599999999999997,-0.9194333792991772,0.5029286322877022,2.622166383794242,170871.0,139225.33333333334,-4,0,-1,0,0,0,0,0,-2,0,0,-1,-10,0,0,0,0,-1,0,0,0,0,0,0,-1,-1,-1,0,0,0,0,0,0,0,0,2,0,0,0,0,0,0,-2,0,0,0,2,0,-2,0,0,0,0,0,2,0,0,0,0,-5,-1,0,0,0,0,0,0,0,3,0,0,0,0,0,0,0,0,0,-1,0,-1,0,-1,0.5,1994-05-17
0.5,0.0,174781.0,145013.0,0.0060723181540426,1.4852731474204135,-38.0,61.0,99.0,2971.0,0.9152291769344504,0.0700000000000002,-1.1794219990470227,0.4767732901996384,2.793554251370104,173292.0,141397.0,-1,0,0,0,0,0,0,0,-2,0,0,-1,-13,0,0,0,0,0,0,0,0,-2,0,0,0,0,0,0,0,0,0,0,0,0,0,3,0,0,0,0,0,0,-1,0,0,-2,1,0,-3,0,0,0,0,0,0,0,0,0,0,-3,-3,0,0,0,0,0,0,0,0,0,0,0,0,0,0,0,0,0,-1,-2,-1,0,-1,0.0,1994-07-06
0.0,0.0,177295.0,145884.0,0.4740461881849551,3.135166826560085,-38.0,56.0,94.0,3108.0,0.9152291769344504,0.1399999999999996,-1.3909983437105675,0.2852899162808311,2.3564841015426485,174801.66666666666,144509.0,-1,0,0,0,0,0,0,0,0,0,0,0,-9,0,0,0,0,0,0,0,0,0,0,0,0,0,-1,0,0,0,0,0,0,0,0,1,0,0,0,0,0,0,-1,0,0,0,0,0,-1,0,0,0,0,0,0,0,0,0,0,0,0,0,0,0,0,0,0,0,2,0,0,0,0,0,0,0,0,0,-1,0,0,0,-2,0.5,1994-08-16
0.75,0.0,178787.0,145487.0,0.2120486361961504,2.0151614847377384,-24.0,75.0,99.0,3368.0,0.929029078363726,0.4500000000000002,-1.4312279425786465,0.2307223808450494,2.2118671529060787,176954.33333333334,145461.33333333334,0,0,0,0,0,0,-1,0,-4,0,0,-1,-5,-1,0,0,0,0,-1,0,0,-1,0,0,0,0,0,0,-1,0,0,0,0,0,0,0,0,0,0,0,0,0,0,-1,0,0,1,0,-1,0,0,0,0,0,1,0,0,0,0,-3,-1,0,0,0,0,0,0,0,1,0,-1,0,0,0,-2,0,0,0,-1,-1,0,0,-4,0.0,1994-09-27
0.0,0.0,180703.0,150038.0,0.5285563084430923,3.018058580194712,-21.0,73.0,94.0,3443.0,0.9319862000985708,0.4400000000000004,-1.3521880384201916,0.4048837109413992,2.722795630497512,178928.33333333334,147136.33333333334,-1,0,0,1,0,0,0,0,-1,0,0,-1,0,0,0,0,0,0,0,0,0,-1,0,0,0,0,-1,0,0,0,0,0,0,0,0,0,0,0,0,0,0,0,0,0,0,0,1,0,-1,0,0,1,0,0,1,0,0,0,0,-1,0,0,0,0,0,0,0,0,2,0,0,0,0,0,-1,0,0,0,0,-1,-1,0,-2,0.75,1994-11-15
0.5,0.0,181524.0,152489.0,0.5493191145413779,3.065722554054615,-38.0,112.0,150.0,4827.0,0.9152291769344504,0.3099999999999996,-1.2440447183005754,0.4299746863935403,2.6996475396623545,180338.0,149338.0,-1,0,0,0,0,0,-1,0,-4,0,0,0,-6,-1,0,0,0,0,0,0,0,-2,0,0,0,0,0,0,0,0,0,0,0,0,0,0,0,0,0,0,0,0,-4,0,0,-1,1,0,-2,0,0,0,0,0,0,0,0,0,0,-5,-1,0,0,0,0,0,0,0,2,0,0,0,0,0,0,0,0,0,0,-3,0,0,0,0.0,1994-12-20
0.0,0.0,182413.0,150459.0,-0.1988379585975742,0.6176870938115719,-40.0,70.0,110.0,4603.0,0.913257762444554,0.2199999999999997,-1.2421769112399756,0.2930124881289653,2.233822742686966,181546.66666666663,150995.33333333334,-2,-1,0,0,0,0,-1,0,-6,-1,-1,-2,-5,0,0,0,0,0,0,0,0,-1,0,0,0,-1,0,0,-1,0,0,0,0,0,0,0,0,0,0,0,0,0,0,-1,0,-2,0,0,0,0,0,1,0,0,0,0,0,2,-1,-2,-1,2,0,0,0,0,0,0,0,0,-1,0,0,0,-2,0,0,-1,0,-1,-1,0,-1,0.5,1995-02-01
0.0,0.0,181013.0,152888.0,-0.4175284703094473,-0.7837278740335917,-18.0,67.0,85.0,3060.0,0.9349433218334156,-0.0499999999999998,-1.0431964991620168,-0.0223491047885477,0.9665605912775316,181650.0,151945.33333333334,0,0,0,0,0,0,-1,0,-2,0,-2,-2,-19,0,0,0,0,0,-1,0,0,0,0,0,-1,0,0,0,0,0,0,0,0,0,0,0,0,0,0,0,0,0,-1,0,0,-1,1,0,0,0,0,0,0,0,1,0,0,0,0,-8,-1,2,0,0,0,0,0,0,1,0,0,0,0,-1,-1,0,0,0,0,-1,-2,0,-5,0.0,1995-03-28
0.0,0.25,183536.0,152838.0,-0.0961758427797764,-0.2618602242993944,-74.0,100.0,174.0,4141.0,0.8797437161163135,-0.0199999999999995,-0.6628697695804373,-0.2375140905622658,-0.142633668173805,182320.66666666663,152061.66666666666,-1,0,0,0,0,0,0,0,-4,-1,-3,-3,-13,0,-1,-1,-1,0,0,0,0,0,0,0,0,0,-6,0,0,0,0,0,0,0,0,1,0,0,0,0,0,0,0,0,0,-1,0,0,0,0,0,0,0,0,3,0,0,0,0,-4,-2,0,0,0,0,0,0,0,1,0,0,0,0,-1,-1,0,0,0,0,0,-2,0,-4,0.0,1995-05-23
0.0,0.0,185431.0,148915.0,-0.2638130570987536,-1.034192776118424,-5.0,70.0,75.0,2692.0,0.9477575160177428,-0.25,-0.1856104731727873,-0.2591724567293257,-0.6932602914838037,183326.66666666663,151547.0,-3,0,0,0,0,0,0,0,-5,0,-1,-4,-14,0,0,0,0,-2,0,0,0,-2,0,-1,-1,-1,-18,0,0,0,0,0,0,0,0,2,0,0,0,0,0,0,0,0,0,-1,0,0,0,0,0,0,0,0,0,-1,0,0,0,-5,-6,0,1,0,0,-1,0,0,0,0,-1,0,0,0,0,0,0,-1,-1,-1,0,0,0,-0.25,1995-07-06
0.0,0.0,186806.0,154372.0,0.6253379400530529,2.0463799668038334,5.0,83.0,78.0,2950.0,0.9576145884672252,0.0,0.0485839995780984,0.0884496800581743,0.250108988795338,185257.66666666663,152041.66666666666,0,0,0,0,0,0,0,0,-3,-1,-1,-1,-8,0,0,0,0,-3,0,0,0,0,0,0,0,-1,-7,0,0,0,0,0,0,0,0,2,0,0,0,0,0,0,-2,0,0,-1,0,0,-2,0,0,1,0,0,0,-1,0,0,0,-6,-2,1,0,0,0,0,0,0,1,0,0,0,0,0,0,0,0,0,-4,0,0,0,-4,0.0,1995-08-22
0.0,0.0,187366.0,160175.0,0.322679462845681,1.115109367089712,-12.0,71.0,83.0,3022.0,0.940857565303105,-0.2000000000000001,0.0625490806987941,0.2280681152666601,0.7090988525917069,186534.3333333333,154487.33333333334,-2,0,0,0,1,0,0,0,-4,0,0,0,-13,0,0,0,0,-1,0,0,0,0,0,-1,0,0,-5,0,0,0,0,0,0,0,0,3,0,0,0,0,0,0,0,0,0,0,1,0,-1,0,0,0,0,0,1,0,0,0,0,-2,-3,0,0,0,0,0,0,0,3,0,0,0,0,0,0,0,0,-1,-1,0,-1,0,0,0.0,1995-09-26
0.0,0.25,189055.0,156146.0,0.0781160256909561,0.2076060960499069,0.0,79.0,79.0,2988.0,0.952686052242484,0.1799999999999997,0.0347090015525062,0.3420444761965633,1.1230318099811505,187742.3333333333,156897.66666666666,0,-1,0,0,1,0,0,0,-4,-1,0,0,-10,0,0,0,-2,0,0,0,0,-1,0,0,0,0,-7,0,0,0,0,0,0,0,0,0,0,0,0,0,0,0,-1,0,0,-1,1,0,0,0,0,0,0,0,0,0,0,1,0,0,-3,0,0,0,0,0,0,0,0,0,0,0,0,0,-1,0,0,0,-1,0,-1,0,-2,0.0,1995-11-15
0.0,0.25,190774.0,163279.0,0.1155587531376773,0.3846765380767611,-1981.0,4744.0,6725.0,231389.0,-1.0,-0.1600000000000001,0.0129875272252515,0.1721180805581048,0.5691306670721262,189065.0,159866.66666666666,0,0,0,0,1,0,0,0,-3,-2,0,0,-9,0,0,-1,-1,-2,0,0,0,0,0,0,0,0,-8,0,0,0,0,0,0,0,0,2,0,0,0,0,0,0,0,0,0,-1,1,0,0,0,0,0,0,0,0,0,0,0,0,-1,-1,0,0,0,0,0,0,0,0,0,0,0,0,0,0,0,0,0,-1,-1,0,0,0,-0.25,1995-12-19
0.0,0.0,189135.0,155806.0,-0.7467212472460647,-2.4398260647507755,-128.0,307.0,435.0,15282.0,0.826515524889108,-0.29,-0.0095592366526405,-0.1843488228058104,-0.6158478102080363,189654.66666666663,158410.33333333334,-109,0,0,0,52,0,-1,0,-294,-46,-53,-111,-891,-45,0,0,-43,0,-1,0,0,-70,0,0,-97,0,-624,0,0,0,0,0,0,0,0,72,0,0,0,0,0,-45,0,0,0,-114,35,0,-62,0,0,0,0,0,47,0,0,3,0,-50,-227,91,0,0,0,0,0,0,0,0,-72,0,0,0,-59,0,0,-58,0,-51,-169,0,-365,-0.25,1996-01-30
0.0,0.0,194029.0,164976.0,0.4707780430663732,1.2399399424769952,-137.0,337.0,474.0,16975.0,0.8176441596845737,-0.0299999999999993,0.0897079947503828,-0.0534614836806713,-0.2717365280656734,191312.66666666663,161353.66666666666,-4,0,0,0,0,0,0,0,-14,-8,0,0,-48,0,0,-6,0,0,0,0,0,0,0,0,0,-9,-10,0,0,0,0,0,0,0,0,5,0,0,0,0,0,0,-12,0,0,-2,0,0,0,0,0,0,0,0,6,0,0,0,0,-18,-17,0,0,0,0,0,0,0,13,0,0,0,0,-1,0,0,0,-1,-9,0,-6,0,-1,0.0,1996-03-26
0.0,0.0,196205.0,164502.0,0.6936192893500012,2.1649899612402552,-309.0,333.0,642.0,19898.0,0.6481025135534746,0.0699999999999994,0.1489934195898698,0.1392253617234365,0.3217012796554912,193123.0,161761.33333333334,-17,0,0,0,1,0,0,0,-23,-8,-10,0,-19,0,0,0,0,0,0,0,0,0,0,0,0,0,-13,0,0,0,0,0,0,0,0,5,0,0,0,0,0,0,0,0,0,0,7,0,-9,0,0,0,0,0,10,0,0,0,0,-17,-7,0,0,0,0,0,0,0,23,0,0,0,0,0,0,0,0,0,-2,0,0,0,-13,0.0,1996-05-21
0.0,0.0,196136.0,164599.0,0.4477386123667438,1.5340069704513484,-529.0,287.0,816.0,20140.0,0.4312469196648595,0.0499999999999998,0.1731195242813745,0.5373786482610394,1.6463122913895325,195456.66666666663,164692.33333333334,-9,0,0,0,0,0,0,0,-30,-5,0,0,-41,0,0,0,0,-9,0,0,0,-12,0,0,0,-9,-3,0,0,0,0,0,0,0,0,0,0,0,0,0,0,-9,0,0,0,0,10,0,0,0,0,0,0,0,14,0,0,0,0,-8,-10,0,0,0,0,-9,0,0,0,0,0,0,0,0,0,0,0,0,-4,0,0,0,-14,0.0,1996-07-02
0.0,0.0,196218.0,157310.0,0.2734496223274855,1.159724116891783,-356.0,325.0,681.0,19655.0,0.6017742730409068,-0.0099999999999997,-0.0229573624404733,0.4716025080147435,1.6195736828611285,196186.3333333333,162137.0,-18,0,0,0,0,0,0,0,-28,-4,0,0,-10,0,0,0,0,0,0,0,0,-17,0,0,0,-4,-4,0,-12,0,0,0,0,0,0,0,0,0,0,0,0,0,-3,0,0,0,0,0,0,0,0,0,0,0,0,0,0,9,0,-24,0,0,0,0,0,0,0,0,0,0,0,0,0,0,0,0,0,0,0,0,0,0,-2,0.0,1996-08-20
0.0,0.0,198859.0,165442.0,0.2295731397543889,1.3075133180388612,-182.0,389.0,571.0,20164.0,0.7732873336619025,0.0600000000000005,-0.2611144840756109,0.3169204581495394,1.3337481351273304,197071.0,162450.33333333334,-4,0,0,0,0,0,0,0,0,-3,0,0,-21,0,0,0,0,0,0,0,0,-10,0,0,0,0,-4,0,-7,0,0,0,0,0,0,0,0,0,0,0,0,0,0,0,0,-6,0,0,-12,0,0,0,0,0,4,0,0,0,0,-17,-15,0,0,0,0,0,0,0,0,0,0,0,0,0,-5,0,0,0,-6,0,0,0,-12,0.0,1996-09-24
0.0,0.0,200174.0,170783.0,0.3753338200650202,1.7431340566640556,-107.0,451.0,558.0,19933.0,0.8472153770330213,-0.0700000000000002,-0.4125801578762236,0.2927855273822982,1.4034571638648996,198417.0,164511.66666666666,-7,0,-6,0,0,0,0,0,-27,0,-6,0,-39,0,0,0,0,-16,0,0,-7,0,0,0,0,-5,0,0,0,0,0,0,0,0,0,13,0,0,0,0,0,0,-3,0,0,-14,8,0,0,0,0,0,0,0,13,0,0,0,0,-9,0,0,0,0,0,0,0,0,0,0,0,0,0,0,0,0,0,0,-7,-3,-7,0,0,0.0,1996-11-13
0.0,0.0,201284.0,162332.0,-0.0311322802759693,0.5604762156089597,-379.0,883.0,1262.0,56259.0,0.5791030064070971,-0.2000000000000001,-0.5567527680316587,0.1912582265144799,1.2037078634372915,200105.66666666663,166185.66666666666,0,0,0,0,0,0,0,0,-23,0,0,0,-53,0,0,0,0,0,0,0,0,0,0,0,0,-5,-18,0,0,0,0,0,0,0,0,0,0,0,0,0,0,0,0,0,0,0,0,0,0,0,0,0,0,0,15,0,0,9,0,-29,-10,0,0,0,0,0,0,0,7,0,0,0,0,0,0,0,0,0,-5,0,-4,0,-26,0.0,1996-12-17
0.25,0.0,202371.0,161827.0,0.1495032770201029,1.0305010982281515,-955.0,1086.0,2041.0,51364.0,0.0113356333169049,0.2000000000000001,-0.5548271026914887,0.1645682722697179,1.1113704568337217,201276.3333333333,164980.66666666666,-7,0,0,0,9,0,-4,0,-54,0,0,0,-81,0,0,0,0,-24,-4,0,0,-11,0,0,0,0,-32,0,0,0,0,0,0,0,0,9,0,0,0,0,0,0,0,0,0,0,14,0,-13,0,0,0,0,0,0,0,0,15,0,-24,0,24,0,0,0,0,0,0,0,0,0,0,0,0,-10,0,0,0,-8,0,0,0,0,0.0,1997-02-04
0.0,0.0,204990.0,167568.0,0.5880772168404138,1.8159231472087063,-761.0,1377.0,2138.0,52203.0,0.2025628388368654,0.1600000000000001,-0.3388686526816227,0.2354827378615157,1.135633487015272,202881.66666666663,163909.0,-26,0,0,0,0,0,0,0,-104,0,0,0,-75,0,0,0,-35,-50,0,0,0,0,0,-27,-26,-10,-34,0,0,0,0,0,0,0,0,0,0,0,0,0,0,0,0,0,0,0,0,0,0,0,0,0,0,0,11,0,0,0,0,-49,0,0,0,0,0,0,0,0,0,0,0,0,0,0,0,0,0,0,0,0,-11,0,-40,0.25,1997-03-25
0.0,0.0,201699.0,168586.0,0.3832518431165509,0.6891810669000045,-899.0,1583.0,2482.0,71523.0,0.0665352390340069,-0.2099999999999999,0.0861359919337691,0.3736107789923559,1.1785351041122871,203020.0,165993.66666666666,-18,0,0,0,0,0,0,0,-25,0,0,0,-94,0,0,0,0,0,0,0,0,-32,0,0,0,-5,0,0,0,0,0,0,0,0,0,0,0,0,0,0,0,0,0,0,0,-19,0,0,0,0,0,0,0,0,10,0,0,0,0,-10,0,0,0,0,0,0,0,0,18,0,0,0,0,0,0,0,0,0,-10,-21,-7,0,-24,0.0,1997-05-20
0.0,0.0,204675.0,174828.0,0.6022109121022095,1.6021796746224355,-567.0,876.0,1443.0,49348.0,0.3937900443568261,0.04,0.4067561309931827,0.5245133240197247,1.3690946295770483,203788.0,170327.33333333334,-20,0,0,0,0,0,0,0,-39,0,-20,0,-60,0,0,-7,0,0,0,0,0,0,0,-9,0,0,0,0,-33,0,0,0,0,0,0,0,0,0,0,0,0,0,0,0,0,-22,56,0,0,0,0,0,0,0,6,0,0,0,0,-83,-20,0,0,0,0,0,0,0,0,0,0,0,0,0,0,0,0,0,-15,0,0,0,-32,0.0,1997-07-01
0.0,0.0,207635.0,177302.0,0.63794180910806,1.68922744249933,-577.0,999.0,1576.0,42634.0,0.3839329719073435,0.1699999999999999,0.5052931698562461,0.5411348547756067,1.3268627280072562,204669.66666666663,173572.0,0,0,0,0,0,0,-1,0,-143,0,0,0,-98,0,0,0,0,0,-1,0,0,0,0,0,-15,0,-26,0,0,0,0,0,0,0,0,14,0,0,0,0,0,0,0,0,0,0,0,0,-21,0,0,0,0,0,38,0,0,0,0,-103,-32,0,0,0,0,0,0,0,37,0,0,0,0,0,0,0,0,0,-20,0,0,0,-8,0.0,1997-08-19
0.0,0.0,208326.0,177835.0,0.6327278671553099,1.8710650064397285,-911.0,1362.0,2273.0,55571.0,0.0547067520946279,-0.4000000000000003,0.3930303755268728,0.6242935294551931,1.7208240411871645,206878.66666666663,176655.0,-23,0,0,0,0,0,0,0,-55,0,0,0,-57,0,0,0,0,-15,0,0,0,0,0,0,-29,0,-36,0,0,0,0,0,0,0,0,0,0,0,0,0,0,0,0,0,0,0,0,0,0,0,0,0,0,0,25,0,0,0,0,-26,-62,0,0,0,0,0,0,0,0,0,0,0,0,0,-22,0,0,0,0,0,0,0,-13,0.0,1997-09-30
0.0,0.0,208936.0,191187.0,0.437332217690254,1.3001434198684778,-1546.0,5233.0,6779.0,246599.0,-0.5712173484475112,0.3700000000000001,0.3075345871539628,0.569333964651208,1.6201452896025117,208299.0,182108.0,-50,0,0,0,23,0,0,0,0,0,0,0,-150,-38,0,0,0,-19,0,0,0,-45,0,0,0,0,-48,0,0,0,0,0,0,0,0,0,0,0,0,0,0,0,0,0,0,-61,0,0,-46,0,0,31,0,0,0,0,0,0,0,-31,0,0,0,0,0,0,0,0,23,0,0,0,0,0,-54,0,0,-23,-11,-36,0,0,-23,0.0,1997-11-12
0.0,0.0,209363.0,173770.0,0.2486450588525632,0.3370448426082362,-203.0,682.0,885.0,25738.0,0.7525874815179892,-0.1100000000000003,0.3186835342407922,0.4395683812327089,1.1694177563054804,208875.0,180930.66666666663,-54,0,0,0,66,0,-2,0,-173,0,0,0,-534,0,0,0,0,0,-2,0,0,-34,0,0,0,0,-76,0,0,0,0,0,0,0,0,0,0,0,0,0,0,0,-34,0,0,-63,108,0,-136,0,0,0,0,0,52,0,0,87,0,-128,-49,52,0,0,0,0,0,0,75,0,0,0,0,0,-61,0,0,0,-58,-64,-71,0,-120,0.0,1997-12-16
0.0,0.0,209666.0,174288.0,0.3183084025402635,0.2762194847751378,-338.0,1298.0,1636.0,48807.0,0.6195170034499754,0.0,0.4952686092603456,0.3347618930276936,0.6378025824172836,209321.66666666663,179748.33333333334,0,-5,0,0,7,0,0,0,-26,0,0,0,-51,0,0,0,0,0,0,0,0,-22,0,0,-5,0,-26,0,0,0,0,0,0,0,0,0,0,0,0,0,0,0,0,0,0,-22,0,0,0,0,0,0,0,0,0,0,0,0,0,-35,0,0,0,0,0,0,0,0,0,0,0,0,0,0,-11,0,0,0,0,0,-6,0,0,0.0,1998-02-03
0.0,0.0,210832.0,176886.0,0.1946875455653361,-0.4076130127187023,-1443.0,1559.0,3002.0,78222.0,-0.4696895022178413,0.0200000000000004,0.7905359286300054,0.2538803356527209,0.0685504382215568,209953.66666666663,174981.33333333334,-44,0,0,0,19,0,0,0,-22,0,0,0,-164,0,0,-7,0,0,0,0,0,-28,0,0,-102,0,0,0,0,0,0,0,0,0,0,0,0,0,0,0,0,0,0,0,0,-21,0,0,-86,0,0,0,0,0,28,0,0,0,0,-83,-9,0,0,0,0,0,0,0,28,0,0,0,0,0,0,0,0,0,-11,-15,-17,0,-33,0.0,1998-03-31
0.0,0.0,214639.0,180634.0,0.3762153722617146,-0.0276107048938374,-728.0,1344.0,2072.0,62890.0,0.2350911779201577,-0.04,1.056135160607478,0.2964037734557714,-0.053001410945801,211712.3333333333,177269.33333333334,0,0,0,0,42,0,0,0,-103,-34,0,0,-110,-21,0,0,-23,0,0,0,0,-34,0,0,-15,-11,0,0,0,0,0,0,0,0,0,0,0,0,0,0,-6,0,-6,0,0,0,75,0,0,0,0,0,0,0,0,0,0,0,0,-124,0,0,0,0,0,0,0,0,30,0,0,0,0,0,-56,0,0,0,-11,-34,0,0,-118,0.0,1998-05-19
0.0,0.0,216337.0,172189.0,-0.1090391265989688,-1.6659929723193634,-773.0,1253.0,2026.0,57291.0,0.1907343518974864,-0.1500000000000003,1.2209952831129345,0.1539545970760273,-0.7004055633106349,213936.0,176569.66666666666,-70,0,0,0,27,0,0,0,-106,0,0,0,-152,-25,-22,0,0,0,0,0,0,-31,0,0,0,0,0,0,-27,0,0,0,0,0,0,0,0,0,0,0,0,0,0,0,0,-22,0,0,0,0,0,0,0,0,18,0,0,0,0,-87,0,0,0,0,0,0,0,0,51,0,0,0,0,0,-19,0,0,0,0,-30,0,0,-94,0.0,1998-06-30
0.0,0.25,213636.0,179033.0,0.8803762602205066,1.766550381461046,-1172.0,1008.0,2180.0,65547.0,-0.2025628388368654,0.0200000000000004,1.2705268922591098,0.3825175019610841,0.0243155680826146,214870.66666666663,177285.33333333334,0,-67,0,0,22,0,0,0,-87,-56,0,0,-193,-21,0,0,0,-51,0,0,0,-32,0,0,-38,0,0,0,-32,0,0,0,0,0,0,0,0,0,0,0,0,0,0,0,0,-20,0,0,-38,0,0,0,0,0,0,0,0,26,0,-50,0,0,25,0,0,0,0,0,0,0,-25,0,0,-8,-21,0,0,0,-5,-19,-21,0,-33,0.0,1998-08-18
0.0,0.25,215720.0,181422.0,0.4768018415276056,0.5161469926777872,-1467.0,1364.0,2831.0,91559.0,-0.4933464760965993,-0.4699999999999997,1.202852613204341,0.4160463250497144,0.2055681339398228,215231.0,177548.0,-66,-23,0,0,0,0,0,0,-35,-38,-25,0,-138,-22,0,0,-54,-40,0,0,0,0,0,-36,-29,-31,-154,0,0,0,0,0,0,0,0,0,0,0,0,0,0,-33,-36,0,0,0,0,0,-19,0,0,0,0,0,0,0,0,0,0,-35,-9,0,0,0,0,-13,0,0,0,0,-23,0,0,0,0,0,0,-15,0,-59,-101,0,-20,-0.25,1998-09-29
0.0,0.0,221134.0,182400.0,0.2068703784081507,-0.2506376775101108,-306.0,1189.0,1495.0,55537.0,0.6510596352883193,-0.0700000000000002,1.087780108836942,0.5213494933854209,0.6773532322095738,216830.0,180951.66666666663,-24,-13,0,0,26,0,0,0,-220,0,0,0,-250,0,0,0,-78,-47,0,0,0,-35,0,0,-9,-18,-395,0,0,0,0,0,0,-4,0,46,0,0,0,0,0,0,-8,0,0,0,20,0,-25,0,0,0,0,0,12,-24,0,0,0,-73,0,0,24,0,0,-111,0,0,30,0,0,0,0,0,-29,0,0,0,-27,-54,-51,0,-151,-0.25,1998-11-17
0.0,0.0,223179.0,178424.0,0.2474539712043571,0.1785044429271131,-378.0,3757.0,4135.0,165012.0,0.5800887136520454,-0.0200000000000004,0.9024577879337722,0.3103753970467045,0.1480045860315961,220011.0,180748.66666666663,-32,0,0,0,0,0,0,0,-17,0,0,0,-94,0,0,0,0,0,0,0,0,0,0,-11,-41,-8,-75,0,0,0,0,0,0,0,0,0,0,0,0,0,0,0,-20,0,0,-48,18,0,0,0,0,0,0,0,29,-13,0,0,0,-51,-11,24,0,0,0,0,0,0,0,0,-20,0,0,0,0,0,0,0,0,-35,-16,0,-54,0.0,1998-12-22
0.0,0.0,223997.0,186527.0,0.1502455262915787,0.1945675372859314,-207.0,1259.0,1466.0,49642.0,0.7486446525381962,0.0300000000000002,0.6409163862695778,0.2015232919680288,0.0408114342343109,222770.0,182450.3333333333,-58,-46,0,0,49,0,-4,0,-51,0,0,0,-401,0,0,-50,-51,-30,-4,0,0,0,0,0,-36,-11,-100,0,0,0,0,0,0,0,0,0,0,0,0,0,0,0,-31,0,0,0,153,0,-51,0,0,48,0,0,0,-46,0,5,0,-94,-114,93,0,0,0,-5,0,0,0,0,0,0,0,0,0,0,0,0,-126,0,-37,0,-137,0.0,1999-02-02
0.0,0.0,227417.0,184689.0,0.0404501330538156,0.0449123170416027,-480.0,1158.0,1638.0,49878.0,0.4795465746673238,0.0099999999999997,0.3544845227393315,0.1460498768499172,0.139328099084882,224864.3333333333,183213.3333333333,0,0,0,0,0,0,0,0,-119,0,0,0,-57,0,0,0,0,-17,0,0,0,0,0,0,0,-12,0,0,0,0,0,0,0,0,0,16,0,0,0,0,0,0,-30,0,0,-24,4,0,0,0,0,0,0,0,0,0,0,0,0,-62,-44,0,0,0,0,0,0,0,0,0,0,0,0,0,0,0,0,0,-13,0,0,0,-20,0.0,1999-03-30
0.25,0.0,231235.0,185963.0,0.458542939606506,1.4752047434416449,-1302.0,1775.0,3077.0,80203.0,-0.330704780680138,0.0700000000000002,0.1606044539463381,0.2164128663173001,0.571561532589726,227549.66666666663,185726.3333333333,0,0,0,0,8,0,0,0,0,0,0,0,-92,0,0,0,0,0,0,0,0,0,0,0,0,0,-87,0,0,0,0,0,0,0,0,24,0,0,0,0,0,0,-6,0,0,-24,17,0,-21,0,0,0,0,0,16,0,0,0,0,-30,-12,19,16,0,0,0,0,0,0,0,-24,0,0,0,0,0,0,0,0,0,0,0,-16,0.0,1999-05-18
0.25,0.0,231903.0,182590.0,0.2783139394232709,0.6643565058604647,-458.0,2038.0,2496.0,86734.0,0.5012321340561854,0.1399999999999996,0.1486179485234869,0.2591023373611975,0.7281578554479037,230185.0,184414.0,0,0,0,0,0,0,0,0,-139,0,0,-22,-128,0,0,0,0,0,0,0,0,-37,0,0,0,0,-32,0,0,0,0,0,0,0,0,28,0,0,0,0,0,0,0,0,0,-43,17,0,-21,0,0,0,0,0,0,0,0,0,0,-33,-10,0,32,0,0,0,0,0,41,0,0,0,0,0,0,0,0,0,0,0,0,0,0,0.25,1999-06-29
0.0,0.0,236566.0,189414.0,0.4393259910082994,1.4169682829955506,-457.0,1291.0,1748.0,46980.0,0.5022178413011336,0.0200000000000004,0.1416608979186324,0.3920609566793587,1.1855098440992198,233234.66666666663,185989.0,-33,0,0,0,0,0,-2,0,-168,0,0,0,-126,0,0,0,0,-31,-2,0,0,-38,0,0,-24,0,0,0,0,0,0,0,0,0,0,83,0,0,0,0,0,0,0,0,0,0,0,0,-30,0,0,0,0,0,50,0,0,0,0,-65,-19,0,0,0,0,-10,0,0,0,0,-37,0,0,0,0,0,0,0,-68,-33,-24,0,-29,0.25,1999-08-24
0.25,0.0,237481.0,188910.0,0.2641524529964207,0.8233319929015399,-594.0,1097.0,1691.0,49837.0,0.3671759487432232,0.1200000000000001,0.1394537192361693,0.3272641278093304,0.9682189272525182,235316.66666666663,186971.3333333333,-18,0,0,0,55,0,0,0,-38,0,0,0,-114,0,0,0,0,-13,0,0,0,0,0,0,0,-35,0,0,0,0,0,0,0,0,0,0,0,0,0,0,0,0,0,0,0,0,37,0,-36,0,0,0,0,0,45,0,0,54,0,-41,-24,0,0,0,0,0,0,0,32,0,-12,0,0,-7,0,0,0,0,0,-22,0,0,-15,0.0,1999-10-05
0.0,0.0,240544.0,186597.0,0.5677764003820037,1.7662567367573767,-738.0,1134.0,1872.0,57213.0,0.2252341054706752,0.0,0.0990032737294551,0.4237516147955746,1.3355190042181555,238197.0,188307.0,-25,0,0,0,0,0,0,0,-83,0,0,0,-34,0,0,0,0,0,0,0,0,0,0,-19,0,-29,0,0,0,0,0,0,0,0,0,22,0,0,0,0,0,-10,-13,0,0,0,16,0,-18,0,0,0,0,0,34,0,0,0,0,-9,0,0,0,0,0,0,0,0,0,0,0,0,0,0,-81,0,0,0,0,-29,0,0,-9,0.25,1999-11-16
0.25,0.0,245485.0,196344.0,0.5994223337266639,1.839542482753184,-826.0,3173.0,3999.0,171840.0,0.1384918679152291,0.4900000000000002,0.1389197035743216,0.4771170623683629,1.4763770708040334,241170.0,190617.0,-43,0,0,0,0,0,0,0,-122,0,0,0,-109,-27,0,0,0,0,0,0,0,0,0,0,0,0,0,0,0,0,0,0,0,0,0,0,0,0,0,0,0,-12,-31,0,0,0,18,0,-21,0,0,0,0,0,0,0,0,0,0,-13,0,0,0,0,0,0,0,0,0,0,0,0,0,0,0,0,0,-22,0,-48,0,0,0,0.0,1999-12-21
0.25,0.0,243436.0,201360.0,0.2641066838758021,0.9522787890705984,2.0,1381.0,1379.0,55604.0,0.9546574667323804,0.25,0.0958857574929255,0.4771018059948232,1.5193593361937194,243155.0,194767.0,0,0,0,0,0,0,-8,0,-115,0,0,0,-262,0,0,0,-46,-50,-8,0,0,-19,0,0,0,0,0,0,0,0,0,0,0,0,0,0,0,0,0,0,0,0,0,0,0,-49,73,0,0,0,0,0,0,0,0,0,0,23,0,-71,-39,40,0,0,0,0,0,0,0,0,0,0,0,0,0,0,0,0,0,0,0,0,-85,0.25,2000-02-02
0.5,0.0,249825.0,192130.0,0.6353789858506179,2.13285915849179,-193.0,1021.0,1214.0,43086.0,0.7624445539674717,0.2199999999999997,0.0500191321413544,0.4996360011510281,1.641560143438524,246248.66666666663,196611.3333333333,-9,0,0,0,0,0,0,0,-91,0,0,0,-18,0,0,0,-33,0,0,0,0,0,0,-18,0,-17,0,0,0,0,0,0,0,0,0,32,0,0,0,0,0,0,0,0,0,0,26,0,-33,0,0,0,0,0,0,0,0,0,0,-56,0,0,0,0,0,0,0,0,0,0,0,0,0,0,0,0,0,0,0,0,0,0,0,0.25,2000-03-21
0.0,0.0,246201.0,188606.0,-0.0373244193568039,-0.4185260039547848,-946.0,897.0,1843.0,49728.0,0.0202069985214391,0.2599999999999998,0.0837192261534646,0.2873870834565388,0.8888706478692009,246487.3333333333,194032.0,0,0,0,0,0,0,0,0,-21,0,0,0,-36,0,0,0,-21,0,0,0,0,-4,0,-24,-40,-8,0,0,0,0,0,0,0,0,0,0,0,0,0,0,0,-13,0,0,0,-23,28,0,0,0,0,0,0,0,0,-14,0,0,0,-26,-40,0,0,0,0,0,0,0,0,0,0,0,0,0,0,0,0,0,0,0,0,0,0,0.5,2000-05-16
0.0,0.0,248160.0,219745.0,0.1941222882361122,0.3570001023161763,-407.0,889.0,1296.0,44928.0,0.5515032035485461,-0.2699999999999996,0.2031218267677984,0.2640589515766422,0.6904444189510602,248062.0,200160.3333333333,-16,0,-18,0,0,0,-2,0,-41,-7,0,-25,-33,-25,0,0,0,0,-2,0,0,0,0,0,0,0,0,0,0,0,0,0,0,0,0,0,0,0,0,0,0,0,-23,0,0,0,18,0,0,0,0,0,0,0,20,0,0,0,0,-11,-50,0,0,0,0,0,0,0,0,0,0,0,0,0,-20,0,0,0,-11,-31,0,0,-26,0.0,2000-06-28
0.0,0.0,247576.0,188730.0,-0.2291481184033087,-1.2182001131839828,-475.0,841.0,1316.0,38459.0,0.4844751108920651,0.3999999999999994,0.3439515644798503,-0.0241167498413333,-0.4265753382741974,247312.3333333333,199027.0,0,0,0,0,25,0,0,0,-25,0,0,0,-88,0,0,0,-22,-6,0,0,0,0,0,-24,-46,-29,0,0,0,0,0,0,0,0,0,19,0,0,0,0,0,0,0,-24,0,0,42,0,-25,0,0,0,0,0,0,0,0,0,0,-21,-17,0,0,0,0,0,0,0,32,0,-22,0,0,0,0,0,0,0,0,0,-9,0,-6,0.0,2000-08-22
0.0,0.0,251837.0,199947.0,0.176685586117986,0.1828740041638522,-687.0,944.0,1631.0,46097.0,0.2755051749630359,-0.0199999999999995,0.3851365800483548,0.0472199186502632,-0.2261086689013184,249191.0,202807.3333333333,0,0,0,0,0,0,0,0,-50,0,0,0,-102,0,0,0,0,0,0,0,0,0,0,0,-56,-7,0,0,0,0,0,0,0,0,0,26,0,0,0,0,0,0,0,0,0,-38,18,0,-25,0,0,0,0,0,23,0,0,0,0,-22,0,0,0,0,0,0,0,0,0,0,0,0,0,0,0,0,0,0,0,0,0,0,-32,0.0,2000-10-03
0.0,0.0,250331.0,189392.0,-0.5896099827460481,-2.58539293883268,-1170.0,918.0,2088.0,59216.0,-0.2005914243469688,0.1200000000000001,0.4809745904121131,-0.2140241716771235,-1.2069063492842709,249914.66666666663,192689.66666666663,-40,0,0,0,0,0,0,0,-113,0,0,0,-32,0,0,0,0,0,0,0,0,0,0,0,-43,-40,0,0,0,0,0,0,0,0,0,0,0,0,0,0,0,0,0,0,0,0,0,0,-19,0,19,0,0,0,0,0,0,0,0,-76,0,0,0,0,0,0,0,0,29,0,0,0,0,0,0,0,0,0,-10,-43,-23,0,-52,0.0,2000-11-15
0.0,0.5,250658.0,188659.0,-0.7469061913862725,-2.85769077230403,-1604.0,3160.0,4764.0,198937.0,-0.6283883686545098,-0.3000000000000007,0.4428394150705925,-0.3866101960047781,-1.7534032356576197,250942.0,192666.0,-34,0,0,0,0,0,0,0,-53,0,0,-40,-153,0,0,0,-22,-52,0,0,0,0,0,0,0,-23,-253,0,0,0,0,0,0,0,0,19,0,0,0,0,0,0,0,0,0,-44,38,0,-46,0,22,34,0,0,0,0,0,0,0,-35,-12,0,0,0,0,-25,0,-18,0,0,0,0,0,0,0,-20,0,0,-58,-140,-49,0,-255,0.0,2000-12-19
0.0,0.5,252654.0,177056.0,-0.8528577024519315,-3.357935009345018,-822.0,1110.0,1932.0,56314.0,0.1424346968950222,-0.8499999999999996,0.4605892785748648,-0.7297912921947507,-2.9336729068272427,251214.3333333333,185035.66666666663,-116,-48,0,0,18,0,-75,0,-217,-88,-281,-94,-687,0,-53,-110,-223,-61,-75,0,-63,0,0,-50,-59,-41,-356,0,-69,0,0,0,0,-14,0,0,0,0,0,0,-170,-59,0,-48,0,-56,82,0,-119,0,57,107,0,0,46,-52,50,155,0,-124,-123,118,56,0,0,0,0,-50,52,0,0,0,0,0,-108,0,0,-57,-81,-113,-138,0,-634,-0.5,2001-01-31
0.0,0.5,250328.0,182209.0,-0.9110134474587273,-4.447583398434995,-579.0,1670.0,2249.0,57865.0,0.3819615574174471,-0.6299999999999999,0.7184032745543494,-0.8369257804323103,-3.5544030600280148,251213.3333333333,182641.3333333333,0,0,0,0,0,0,0,0,-111,-25,-37,0,-192,-19,0,0,0,-25,0,0,0,0,0,-18,-56,-31,-481,0,0,0,0,0,0,0,0,0,-21,0,0,0,-20,-23,-20,0,0,-22,64,0,0,0,19,0,0,0,69,0,18,36,0,-45,-47,0,0,0,0,0,0,-44,26,0,0,0,0,0,-21,0,0,0,0,-110,-92,0,-168,-0.5,2001-03-20
0.0,0.25,255218.0,177749.0,-0.7075229173841499,-3.76789940556444,-457.0,1216.0,1673.0,61388.0,0.5022178413011336,-0.75,1.0662761970611343,-0.8237980224316028,-3.857805937781485,252733.3333333333,179004.66666666666,-81,0,0,0,23,0,0,0,-63,0,-19,-55,-252,-20,0,0,-9,0,0,0,-30,-36,0,-19,-58,-12,-539,0,-50,0,0,0,0,0,0,16,0,0,0,0,0,-32,0,0,0,-67,44,0,-28,0,0,0,0,0,142,-11,19,46,0,-7,-83,0,50,0,0,0,0,-19,25,0,-57,0,0,0,0,-25,0,0,-6,-54,-97,0,-249,-0.5,2001-05-15
0.0,0.25,254022.0,176350.0,-1.0596524131188174,-4.890189105751024,-473.0,1126.0,1599.0,55999.0,0.4864465253819616,-0.29,1.343523104835158,-0.8927295926538982,-4.368557303250153,253189.3333333333,178769.33333333334,-96,0,0,0,0,0,0,0,-143,0,-17,-10,-266,0,-20,0,0,0,0,0,0,0,0,0,-18,-11,-234,0,-22,0,0,0,0,0,0,22,0,0,0,0,0,-33,-6,0,0,-132,22,0,0,-16,22,0,0,0,59,0,17,0,0,-52,-39,18,8,0,0,-44,0,0,0,0,-27,0,0,0,0,0,0,0,-68,-21,-77,0,-293,-0.25,2001-06-27
0.0,0.5,254560.0,170484.0,-0.9376219119918856,-4.073571331069403,-596.0,647.0,1243.0,42042.0,0.3652045342533268,-0.0500000000000002,1.1888071836042835,-0.9015990808316175,-4.243886614128289,254600.0,174861.0,-37,-16,0,0,89,0,-38,0,-73,-44,-18,-24,-204,0,0,0,0,-44,-38,0,0,-35,0,0,-19,-5,-438,0,0,0,0,0,0,0,0,0,0,0,0,0,0,-50,-34,0,0,-76,41,0,-27,0,10,19,0,0,40,0,18,0,0,-31,-77,22,14,0,0,0,0,0,57,0,0,0,0,0,0,0,0,0,0,-9,-81,0,-345,-0.25,2001-08-21
0.0,0.5,249845.0,164123.0,-1.477877550006869,-5.584096381998234,-683.0,1127.0,1810.0,50670.0,0.279448003942829,-0.9899999999999998,0.9243520090584854,-1.158383958372524,-4.849285606272887,252809.0,170319.0,-75,0,-54,0,0,0,0,0,-62,-18,0,-49,-262,-19,0,-66,-44,-34,0,0,0,0,0,-81,-80,-11,-136,0,-23,0,0,0,0,0,0,0,0,0,0,0,-20,-43,-45,0,0,-56,39,0,-23,-33,0,0,0,0,88,0,0,0,0,-69,-61,0,0,0,0,0,0,0,0,0,-26,0,0,0,-26,-23,0,0,-18,0,-18,0,-233,-0.5,2001-10-02
0.0,0.25,260514.0,163811.0,-0.834473713433475,-4.212929619816017,-418.0,1086.0,1504.0,48213.0,0.5406604238541153,-0.31,0.9528617824562374,-1.0833243918107431,-4.623532444294551,254973.0,166139.33333333334,-88,-7,-13,0,22,0,0,0,-37,-59,-24,0,-298,0,-41,0,-41,0,0,0,0,-35,0,-21,-79,-11,-258,0,0,0,0,0,0,0,0,66,0,0,0,0,0,-68,-14,0,0,0,28,0,-57,0,0,24,0,0,20,-47,0,0,0,-71,-36,48,0,0,0,0,0,0,0,0,0,0,0,0,0,0,0,0,-42,-13,0,-13,-211,-0.5,2001-11-06
0.0,0.0,256549.0,165304.0,-0.4187186864945828,-2.8606400447307654,-1285.0,3301.0,4586.0,151379.0,-0.3139477575160176,-0.3,1.134476476592092,-0.910356649978309,-4.2192220155150055,255636.0,164412.66666666666,0,-17,-18,0,21,0,0,0,-30,-81,0,0,-218,-41,0,-22,0,-44,0,0,0,0,0,-68,-64,0,-218,0,0,0,0,0,0,0,0,21,0,0,0,0,0,-44,-27,0,0,0,24,0,-45,-24,0,0,0,0,24,0,0,0,0,-43,-10,0,0,0,0,0,0,0,0,0,0,0,0,-22,0,0,0,-21,-62,-10,-84,-13,-341,-0.25,2001-12-11
0.0,0.0,256307.0,163324.0,-0.0543002562089488,-1.3895950884073722,-38.0,1472.0,1510.0,51825.0,0.9152291769344504,-0.03,1.343756894686253,-0.4358308853790021,-2.821054917651385,257790.0,164146.33333333334,-98,0,0,0,34,0,-8,0,-54,-84,-47,0,-518,0,0,0,0,0,-8,0,-29,0,0,-141,-126,-37,-249,0,0,0,0,0,0,0,0,48,0,0,0,0,0,-173,-114,0,0,-149,175,0,-40,0,0,0,0,0,93,0,0,23,0,-69,-116,44,0,0,0,-52,0,0,0,0,0,0,0,0,0,0,0,0,-202,-35,-83,0,-396,0.0,2002-01-30
0.0,0.0,257059.0,167853.0,-0.0605949933379463,-0.1447772032408286,-416.0,811.0,1227.0,40665.0,0.5426318383440119,0.1300000000000001,0.8615395168856484,-0.1778713120138259,-1.465004112126322,256638.3333333333,165493.66666666666,0,0,0,0,10,0,0,0,-47,0,-21,0,-119,-26,0,0,0,-23,0,0,0,0,0,0,-34,0,-14,0,0,0,0,0,0,0,0,55,0,0,0,0,-8,-77,0,0,0,-121,19,0,0,0,0,29,0,0,10,0,0,0,0,-61,0,0,0,0,0,0,0,0,0,0,0,0,0,0,0,0,0,0,-59,0,-12,0,-151,0.0,2002-03-19
0.0,0.0,257573.0,171854.0,-0.0536531275190435,0.3775415629822456,48.0,2855.0,2807.0,94274.0,1.0,-0.08,0.1943633252504352,-0.0561827923553127,-0.3856102428886517,256979.66666666663,167677.0,-16,0,0,0,0,0,0,0,-41,-12,0,0,-193,-23,0,0,-11,0,0,0,0,0,0,0,-14,-12,-18,0,0,0,0,0,0,0,0,0,0,0,0,0,-7,-79,0,0,0,-47,46,0,0,0,0,0,0,0,0,0,0,0,0,-47,-44,0,11,0,0,0,0,0,0,0,0,0,0,0,0,0,0,0,0,0,-16,0,-61,0.0,2002-05-07
0.0,0.0,259786.0,166070.0,-0.1148924790693289,0.0203697384492247,-654.0,1861.0,2515.0,85917.0,0.3080335140463283,-0.05,-0.3440433063984221,-0.0763801999754394,0.0843780327302139,258139.3333333333,168592.33333333334,-85,0,0,0,42,0,0,0,-82,0,0,0,-290,0,0,-50,0,0,0,0,0,0,0,-41,0,-71,0,0,0,0,0,0,0,0,0,0,0,0,0,0,-27,-148,0,0,0,0,0,0,-87,0,0,0,0,0,0,0,0,0,0,-93,-38,0,0,0,0,0,0,0,43,0,-41,0,0,0,-42,0,0,0,-64,0,-29,0,-79,0.0,2002-06-26
0.0,0.0,265043.0,177126.0,-0.3891316707443451,-1.094594717843174,-1307.0,2155.0,3462.0,108403.0,-0.3356333169048793,-0.0999999999999998,-0.3984081687691712,-0.1858924257775724,-0.2322278054705679,260800.66666666663,171683.33333333334,-38,0,0,0,0,0,0,0,-188,0,0,0,-249,0,0,0,-47,0,0,0,0,0,0,-40,0,-34,-96,0,0,0,0,0,0,0,0,0,0,0,0,0,0,-30,-101,0,0,-38,41,0,0,0,0,0,0,0,31,0,0,0,0,-58,-156,0,0,0,0,0,0,0,0,0,0,0,0,0,0,0,0,0,-66,-47,-28,0,-245,0.0,2002-08-13
0.0,0.5,260626.0,166838.0,-0.6319270395155208,-2.1329538038877778,-100.0,1901.0,2001.0,65178.0,0.854115327747659,0.03,-0.2145405479203067,-0.3786503964430648,-1.0690595944272423,261818.3333333333,170011.33333333334,-176,-34,0,0,0,0,0,0,-91,0,0,0,-132,0,0,0,0,-45,0,0,0,0,0,0,-185,0,-428,0,-42,0,0,0,0,0,0,0,0,0,0,0,0,-33,-56,0,0,-88,0,0,0,0,0,0,0,0,48,0,0,0,0,0,-190,0,0,0,0,0,0,0,42,0,0,0,0,0,0,0,0,0,-34,-83,-38,0,-236,0.0,2002-09-24
0.0,0.0,263568.0,170023.0,-0.0917231071128033,-0.6299361314591305,-398.0,1649.0,2047.0,63792.0,0.5603745687530803,-0.2100000000000002,0.028390019352839,-0.3709272724575563,-1.285828217730027,263079.0,171329.0,-102,-24,0,0,31,0,0,0,-68,-22,0,0,-169,0,0,0,0,0,0,0,0,-40,0,0,0,0,-37,0,0,0,0,0,0,0,0,65,0,0,0,0,0,-57,-18,-40,0,-67,58,-36,-63,0,0,0,0,0,0,0,0,0,0,-25,-45,0,24,0,0,0,0,0,59,0,0,0,0,-21,-31,0,0,0,-89,-37,-52,0,-144,-0.5,2002-11-06
0.0,0.0,265930.0,163962.0,-0.6012554639671462,-2.296258438708104,-198.0,963.0,1161.0,35229.0,0.7575160177427305,-0.2099999999999999,0.1894227447565686,-0.4416352035318233,-1.6863827913516705,263374.6666666667,166941.0,-76,0,-32,0,0,0,0,0,-105,0,0,0,-210,0,0,0,0,-35,0,0,-35,0,0,-35,-22,-50,-154,0,0,0,0,0,0,0,0,0,0,0,0,0,0,0,-55,0,0,-76,33,0,-85,-24,0,37,0,0,0,0,0,0,0,-51,-212,0,0,0,0,0,0,0,0,0,0,0,0,0,0,0,0,0,-24,0,0,0,-153,0.0,2002-12-10
0.0,0.0,267230.0,169994.0,-0.0363722060448611,-0.1706275051265657,-928.0,2952.0,3880.0,138615.0,0.0379497289305076,-0.06,0.2077910837852903,-0.2431169257082701,-1.0322740250979334,265576.0,167993.0,-53,0,-17,0,0,0,0,0,-62,0,0,0,-84,0,0,0,0,-25,0,0,0,0,0,0,-46,-9,-15,0,0,0,0,0,0,0,0,14,0,0,0,0,-6,0,-12,0,0,-20,21,0,-56,0,0,19,0,0,19,0,0,0,0,-37,-42,0,0,0,0,0,0,0,0,0,0,0,0,0,0,0,0,0,-38,0,-19,0,-58,0.0,2003-01-29
0.0,0.0,267820.0,172245.0,-0.2496003957519602,-1.241596225390848,-4.0,69.0,73.0,3984.0,0.948743223262691,-0.0399999999999998,0.2334089539617491,-0.2957426885879891,-1.2361607230751726,266993.3333333333,168733.66666666666,-209,0,0,0,0,0,-8,0,-136,0,0,0,-449,0,0,0,-38,0,-8,0,0,-34,0,0,0,-39,-99,0,0,0,0,0,0,0,0,56,0,0,0,0,0,0,-34,0,0,-53,0,0,-51,0,0,49,0,0,0,0,0,14,0,-78,-122,37,51,0,0,0,0,0,56,0,-49,0,0,0,0,0,0,0,-76,0,-38,0,-146,0.0,2003-03-18
0.0,0.25,267362.0,171542.0,0.2222291850636051,-0.5222661572396089,-390.0,1565.0,1955.0,60628.0,0.5682602267126664,-0.02,0.5719246860236765,-0.0212478055777386,-0.6448299625856743,267470.6666666667,171260.33333333334,-3,0,0,0,1,0,0,0,-3,0,0,0,-14,0,0,0,0,0,0,0,0,-1,0,0,-2,0,-3,0,-1,0,0,0,0,0,0,3,0,0,0,0,0,0,-1,0,0,-1,3,0,-1,0,0,1,0,0,0,0,0,0,0,-1,-5,0,0,0,0,0,0,0,1,0,0,0,0,0,0,0,0,0,-1,-1,0,0,-4,0.0,2003-05-06
0.0,0.0,270396.0,173507.0,0.5383034752394468,0.6478931455157062,-606.0,960.0,1566.0,42010.0,0.3553474618038442,-0.27,0.9479856565855282,0.1703107548503639,-0.3719897457049169,268526.0,172431.33333333334,-37,0,0,0,0,0,0,0,-227,0,0,0,-244,0,0,0,0,-60,0,0,0,-38,0,0,-46,-10,-265,0,0,0,0,0,0,0,0,60,-14,0,0,0,0,0,0,0,0,-75,47,-32,-87,0,0,18,0,0,0,0,0,0,0,-10,-82,0,5,0,0,0,0,0,30,0,0,0,0,0,0,0,0,0,-63,0,-54,0,-81,-0.25,2003-06-25
0.0,0.0,277965.0,173044.0,0.3124324499651501,0.5048868589844413,-349.0,1151.0,1500.0,43634.0,0.6086742237555447,0.12,1.0004500230004048,0.3576550367560673,0.2101712824201795,271907.6666666667,172697.66666666666,-27,-23,0,0,0,0,-2,0,-42,0,0,0,-81,0,0,0,0,0,-2,0,0,0,0,0,-18,0,-27,0,0,0,0,0,0,0,0,33,0,0,0,0,0,0,-6,0,0,-23,17,0,-23,0,0,18,0,0,24,0,0,0,0,-26,0,0,21,0,0,0,0,0,0,0,0,0,0,0,0,0,0,0,-65,0,0,0,-55,0.0,2003-08-12
0.0,0.0,276430.0,178690.0,0.6767703483222833,2.2209631394247142,-283.0,1213.0,1496.0,40003.0,0.6737309019221291,0.0099999999999998,0.59929026990645,0.5091687578422935,1.1245810479749538,274930.3333333333,175080.33333333334,-25,0,0,0,43,0,0,0,-136,0,0,0,-45,0,-18,0,0,-26,0,0,0,0,0,0,-17,0,0,0,0,0,0,0,0,0,0,84,0,0,0,0,0,0,-9,0,0,-40,19,0,-18,0,0,0,0,0,0,0,0,0,0,-8,-18,0,0,0,0,0,0,0,17,0,0,0,0,0,0,0,0,0,-18,0,0,0,-38,0.0,2003-09-16
0.0,0.0,274764.0,183704.0,0.5523619353616412,1.7978906688209677,-805.0,1155.0,1960.0,48103.0,0.1591917200591424,0.0,0.2318320226366105,0.5138549112163583,1.5079135557433745,276386.3333333333,178479.33333333334,-66,0,0,0,26,0,0,0,-197,-16,0,0,-38,0,0,0,0,0,0,0,0,0,0,-6,-17,0,0,0,0,0,0,0,0,0,0,42,0,0,0,0,0,-22,-10,0,0,-54,0,0,0,0,0,0,0,0,0,0,0,0,0,0,-23,0,0,0,0,0,0,0,0,0,0,0,0,0,0,0,0,0,0,-14,-26,0,-56,0.0,2003-10-28
0.0,0.0,277612.0,181513.0,0.1608154537126503,1.4223025931474194,-16.0,266.0,282.0,15460.0,0.936914736323312,-0.0299999999999999,-0.2451731738290867,0.463315912465525,1.8137188004643672,276268.6666666667,181302.3333333333,-25,0,0,0,18,0,-3,0,-84,-11,-26,0,-84,0,0,0,0,-106,-3,0,0,0,0,0,-94,0,-44,0,0,0,0,0,0,0,0,9,0,0,0,0,0,-42,-7,0,0,0,0,0,-53,0,0,0,0,0,20,0,0,0,0,0,0,0,0,0,0,0,0,0,0,0,0,0,0,0,0,0,0,0,-22,0,-47,0,-27,0.0,2003-12-09
0.0,0.0,278913.0,178696.0,0.0416848805351637,1.38126093489269,-429.0,759.0,1188.0,34608.0,0.5298176441596847,-0.03,-0.6823859824947189,0.2516207565364851,1.533818065620359,277096.3333333333,181304.3333333333,0,-3,0,0,0,0,-3,0,-9,0,0,0,-30,0,0,0,0,-6,-3,0,0,0,0,-3,-6,0,0,0,0,0,0,0,0,0,0,12,0,0,0,0,0,0,-6,0,0,0,6,0,0,0,0,3,0,0,0,0,0,8,0,-3,0,6,0,0,0,0,0,0,0,0,0,0,0,0,0,0,0,0,-6,0,-3,0,-3,0.0,2004-01-28
0.0,0.0,286209.0,190869.0,0.6199634833523239,3.3808658598551333,-6.0,68.0,74.0,3132.0,0.9467718087727944,0.0699999999999999,-1.1337113690921683,0.2741546058667127,2.0614764626317474,280911.3333333333,183692.66666666663,0,0,0,0,0,0,0,0,-30,0,0,0,-102,0,0,0,0,-38,0,0,0,0,0,0,-23,0,-21,0,-24,0,0,0,0,0,0,0,0,0,0,0,0,0,-16,0,0,-13,39,0,-25,0,0,17,0,0,20,0,0,0,0,-20,0,0,23,0,0,0,0,0,22,0,0,0,0,0,0,0,0,0,-18,0,0,0,-20,0.0,2004-03-16
0.25,0.0,282952.0,184368.0,0.138480756168149,1.6772472303049426,-14.0,74.0,88.0,2964.0,0.9388861508132086,0.0,-1.243912377248676,0.2667097066852122,2.146458008350922,282691.3333333333,184644.3333333333,-1,0,0,0,0,0,-1,0,-1,0,0,0,-6,0,0,0,0,0,-1,0,0,0,0,0,-3,0,0,0,0,0,0,0,0,0,0,2,0,0,0,0,0,0,-1,0,0,0,1,0,0,0,0,0,0,0,1,0,0,0,0,-3,-1,0,0,0,0,0,0,0,1,0,0,0,0,0,0,0,0,0,-1,0,-1,0,0,0.0,2004-05-04
0.25,0.0,284133.0,185640.0,0.053633070086694,1.376340620952493,-520.0,954.0,1474.0,35611.0,0.4401182848693938,0.33,-1.2287808466720174,0.2706924365357223,2.14481790370419,284431.3333333333,186959.0,0,0,0,0,1,0,0,0,0,-1,0,0,-6,0,0,0,0,0,0,0,0,0,0,0,0,-1,0,0,0,0,0,0,0,0,0,3,0,0,0,0,0,0,0,0,0,-1,1,0,-1,0,0,0,0,0,2,0,0,0,0,-2,-1,0,0,0,0,0,0,0,0,0,0,0,0,-1,0,0,0,0,0,0,0,0,-1,0.25,2004-06-30
0.25,0.0,287941.0,183728.0,0.3226241834606976,1.8798653914503745,-1.0,52.0,53.0,2327.0,0.9517003449975358,0.1699999999999999,-1.0641912055284954,0.1715793365718469,1.6444844142359367,285008.6666666667,184578.66666666663,0,0,0,0,0,0,0,0,-82,-15,0,0,-94,0,0,0,-22,0,0,0,0,0,0,0,0,-14,0,0,0,0,0,0,0,0,0,12,0,0,0,0,0,0,0,0,0,0,0,0,0,0,0,0,0,0,17,0,0,0,0,-52,0,0,0,0,0,0,0,0,24,0,0,0,0,0,0,0,0,0,-20,0,0,0,-65,0.25,2004-08-10
0.25,0.0,293139.0,188444.0,0.3411570986574677,1.885811152873296,-15.0,52.0,67.0,2625.0,0.9379004435682604,0.1899999999999999,-0.9048583547999256,0.2391381174016198,1.7140057217587212,288404.3333333333,185937.3333333333,0,0,0,0,1,0,0,0,-1,0,0,0,-7,0,0,0,0,0,0,0,0,0,0,0,-1,0,0,0,0,0,0,0,0,0,0,2,0,0,0,0,0,0,-1,0,0,0,1,0,0,0,0,0,0,0,2,0,0,0,0,-2,-2,0,0,0,0,0,0,0,0,0,0,0,0,0,0,0,0,0,-1,-1,0,0,0,0.25,2004-09-21
0.25,0.0,296177.0,192545.0,0.3784389426198895,2.133373005353635,-1.0,62.0,63.0,2533.0,0.9517003449975358,0.3500000000000001,-0.7904444605581443,0.3474067415793516,1.9663498498924357,292419.0,188239.0,-1,0,0,0,0,0,0,0,-1,0,0,0,-9,0,0,-1,0,0,0,0,0,0,0,0,-1,-1,0,0,0,0,0,0,0,0,0,4,0,0,0,0,0,0,0,0,0,0,1,0,0,0,0,0,0,0,0,0,0,0,0,-3,0,0,0,0,0,0,0,0,1,0,0,0,0,0,0,0,0,0,-2,0,0,0,0,0.25,2004-11-10
0.25,0.0,299763.0,193578.0,0.734229649308496,3.1813342675918186,1.0,78.0,77.0,4381.0,0.9536717594874324,0.2100000000000002,-0.7594987084234356,0.4846085635286178,2.40017280860625,296359.6666666667,191522.3333333333,0,0,0,0,0,0,0,0,-3,0,0,0,-5,0,0,0,0,-1,0,0,0,0,0,-1,0,0,0,0,-1,0,0,0,0,0,0,0,0,0,0,0,0,0,0,0,0,0,1,0,-1,0,0,0,0,0,0,0,0,0,0,-1,-1,0,0,0,0,0,0,0,0,0,0,0,0,0,0,0,0,0,-1,0,0,0,0,0.25,2004-12-14
0.25,0.0,296696.0,194875.0,0.4291212480959273,2.382572313105212,-29.0,57.0,86.0,2730.0,0.9241005421389848,0.2099999999999999,-0.8257601023674498,0.513929946674771,2.5657598620168884,297545.3333333333,193666.0,0,0,0,0,0,0,-1,0,-1,0,0,0,-8,0,0,0,0,-1,-1,0,0,0,0,0,-1,0,0,0,0,0,0,0,0,0,0,1,0,0,0,0,0,0,0,0,0,0,2,0,0,0,1,0,0,0,2,0,0,2,0,0,-1,2,0,0,0,0,0,0,0,0,0,0,0,-1,0,0,0,0,0,0,0,0,0,0.25,2005-02-02
0.25,0.0,301308.0,186608.0,-0.1126604943709301,0.5484439891530096,-39.0,49.0,88.0,2612.0,0.9142434696895024,0.3199999999999998,-0.8519806082673057,0.3502301343444978,2.0374501899500137,299255.6666666667,191687.0,0,0,0,0,1,0,0,0,-4,0,0,0,-4,0,0,0,0,0,0,0,0,0,0,0,0,-1,0,0,0,0,0,0,0,0,0,0,0,0,0,0,0,0,0,0,0,0,1,0,0,0,0,0,0,0,1,0,0,1,0,-1,-1,0,0,0,0,0,0,0,2,0,0,0,0,0,0,0,0,0,0,0,-1,0,0,0.25,2005-03-22
0.25,0.0,303760.0,194847.0,0.3821893501052265,2.124291070963112,-34.0,57.0,91.0,2725.0,0.9191720059142436,0.0899999999999998,-0.8971429423791927,0.232883367943408,1.6851024577404443,300588.0,192110.0,0,0,0,0,0,0,0,0,-2,0,0,-1,-4,0,0,0,0,0,0,0,-1,0,0,0,-1,-1,0,0,0,0,0,0,0,0,0,0,0,0,0,0,0,0,0,0,0,0,2,0,-1,0,0,0,0,0,0,0,0,0,0,-2,-1,0,0,0,0,0,0,0,0,0,0,0,0,0,0,0,0,0,0,-1,-2,0,-2,0.25,2005-05-03
0.25,0.0,310989.0,210020.0,0.1553487586642085,0.842459785335766,-13.0,41.0,54.0,2139.0,0.9398718580581568,0.2000000000000001,-0.692905232209979,0.1416258714661684,1.1717316151506294,305352.3333333333,197158.3333333333,0,0,0,0,0,0,0,0,-3,0,-1,0,-3,0,0,0,0,0,0,0,0,0,0,0,0,-1,0,0,0,0,0,0,0,0,0,3,0,0,0,0,0,0,-2,0,0,0,2,0,-2,0,0,0,0,0,1,0,0,0,0,-3,0,0,0,0,0,0,0,0,0,0,0,0,0,0,0,0,0,0,-3,0,0,0,0,0.25,2005-06-30
0.25,0.0,310046.0,204839.0,0.178177534734484,1.9133685192456191,-23.0,46.0,69.0,2296.0,0.9300147856086742,0.3700000000000001,-0.8194772066408719,0.2385718811679731,1.6267064585148323,308265.0,203235.3333333333,-1,0,0,0,0,0,0,0,-1,0,0,0,-2,0,0,0,0,0,0,0,0,0,0,0,-1,0,0,0,0,0,0,0,0,0,0,0,0,0,0,0,0,0,-1,0,0,0,1,0,0,0,0,0,0,0,0,0,0,0,0,-1,-2,0,0,0,0,0,0,0,1,0,0,0,0,0,0,0,0,0,0,0,0,0,-1,0.25,2005-08-09
0.25,0.0,310673.0,203997.0,-0.1461019455449869,1.1694270363342676,2.0,38.0,36.0,2368.0,0.9546574667323804,-0.02,-1.0977149577626937,0.0624747826179019,1.3084184469718845,310569.3333333333,206285.3333333333,0,0,-2,0,0,0,0,0,-5,0,0,0,0,0,0,0,0,0,0,0,0,-1,0,0,-1,0,0,0,0,0,0,0,0,0,0,0,0,0,0,0,0,0,-2,-1,0,0,0,0,0,0,1,0,0,0,2,0,0,0,0,-1,0,0,0,0,0,0,0,0,0,0,0,0,0,0,0,0,0,0,0,-1,-1,0,-1,0.25,2005-09-20
0.25,0.0,310479.0,209901.0,0.4217063085622204,2.313768497494173,-9.0,55.0,64.0,2317.0,0.9438146870379498,0.4199999999999999,-1.2873907209508348,0.1512606325839059,1.7988546843580202,310399.3333333333,206245.66666666663,0,0,0,0,0,0,-1,0,-2,0,0,0,-1,0,0,0,0,0,0,0,0,0,0,-1,0,-2,-1,0,0,0,0,0,0,0,0,0,0,0,0,0,0,0,-4,0,0,-2,0,0,0,0,0,0,0,0,0,0,0,0,0,-1,-2,0,0,0,0,0,-1,0,0,0,-1,0,0,0,0,0,0,0,0,-1,0,0,-1,0.25,2005-11-01
0.25,0.0,313473.0,221499.0,0.5477177346961435,1.9451960406944064,-41.0,53.0,94.0,4099.0,0.9122720551996056,0.06,-0.8807296284718601,0.2744406992377924,1.8094638581742823,311541.6666666667,211799.0,-1,0,-2,0,0,0,0,0,-2,0,0,0,-2,0,0,-1,0,0,0,0,0,0,0,0,0,-2,0,0,0,0,0,0,0,0,0,3,0,0,0,0,0,0,0,0,0,0,1,0,-1,0,0,0,0,0,0,0,0,0,0,-1,0,0,0,0,0,0,0,0,0,0,0,0,0,0,0,0,0,0,0,-1,0,0,0,0.25,2005-12-13
0.25,0.0,322348.0,209540.0,0.5776146996305388,1.9737685942933347,-23.0,53.0,76.0,2845.0,0.9300147856086742,0.4899999999999997,-0.3316510964099884,0.5156795809629676,2.077577710827305,315433.3333333333,213646.66666666663,0,0,0,0,0,0,-1,0,0,0,0,0,-8,0,0,0,0,0,-1,0,0,-1,0,0,0,0,0,0,0,0,0,0,0,0,0,0,0,0,0,0,0,0,0,0,0,0,3,0,0,0,0,0,0,0,1,0,0,1,0,-1,0,1,0,0,0,0,0,0,1,0,0,0,0,0,0,0,0,0,0,0,0,0,0,0.25,2006-01-31
0.25,0.0,320869.0,227188.0,0.201254818384141,1.2326191837751497,-24.0,59.0,83.0,3011.0,0.929029078363726,0.2099999999999999,-0.2201931480752815,0.4421957509036078,1.717194606254297,318896.6666666667,219409.0,0,0,-1,0,0,0,0,0,-3,0,0,0,-4,0,0,0,0,0,0,0,0,0,0,0,-3,-2,0,0,0,0,0,0,0,0,0,0,0,0,0,0,0,0,0,0,0,0,1,0,0,0,0,0,0,0,0,0,0,0,0,-1,-1,0,0,0,0,0,0,0,1,0,0,0,0,0,0,0,0,0,-1,-1,0,0,0,0.25,2006-03-28
0.25,0.0,321794.0,215819.0,-0.1654631778108653,0.7456395971554831,-24.0,46.0,70.0,2397.0,0.929029078363726,0.1500000000000003,-0.625636849799211,0.2044687800679382,1.3173424584079896,321670.3333333333,217515.66666666663,0,0,0,0,1,0,0,0,-2,0,0,0,-5,0,0,0,0,0,0,0,0,-1,0,0,-2,-1,0,0,0,0,0,0,0,0,0,2,0,0,0,0,0,0,0,0,0,-1,0,0,0,0,0,0,0,0,1,0,0,0,0,-2,0,0,0,0,0,0,0,0,1,0,0,0,0,-1,0,0,0,0,0,0,0,0,-1,0.25,2006-05-10
0.0,0.0,323184.0,221220.0,-0.2969903090927488,0.1223232412788935,-38.0,33.0,71.0,2397.0,0.9152291769344504,0.1399999999999996,-0.9960579918480852,-0.0870662228398242,0.7001940074031757,321949.0,221409.0,0,0,0,0,0,0,0,0,0,-1,-1,0,-9,0,0,0,0,0,0,0,0,-1,0,-2,0,-4,-1,0,0,0,0,0,0,0,0,0,0,0,0,0,0,0,0,0,0,0,1,0,0,0,0,0,0,0,1,0,0,0,0,-1,-3,0,0,0,0,0,0,0,0,0,0,0,0,-1,0,0,0,0,-1,0,-1,0,0,0.25,2006-06-29
0.0,0.0,325324.0,210473.0,-0.100758777921011,0.3120150832314276,-817.0,601.0,1418.0,35981.0,0.1473632331197634,0.1400000000000005,-1.0302118384107206,-0.1877374216082082,0.3933259738886017,323434.0,215837.3333333333,-1,0,0,0,0,0,0,0,-1,-1,0,0,-4,0,0,0,0,0,0,0,0,-1,0,0,-2,-1,0,0,0,0,0,0,0,0,0,0,0,0,0,0,0,0,0,0,0,0,1,0,0,0,1,0,0,0,0,0,0,1,0,0,0,0,0,0,0,0,0,0,0,0,0,0,0,-1,0,0,0,0,0,-1,-1,0,-1,0.0,2006-08-08
0.0,0.0,323236.0,234701.0,-0.1912671916741481,-0.9070811038165846,-49.0,39.0,88.0,2701.0,0.9043863972400198,-0.1500000000000003,-0.5084418161241488,-0.1963387595626358,-0.1575809264354208,323914.6666666667,222131.3333333333,0,0,0,0,0,0,0,0,-40,0,0,0,-148,0,0,0,-25,-16,0,0,0,0,0,-19,0,-20,0,0,0,0,0,0,0,0,0,0,0,0,0,0,0,0,0,0,0,0,15,0,-24,0,21,0,0,0,20,0,7,0,0,-27,0,0,0,0,0,0,0,0,0,0,0,0,0,-19,0,0,0,0,0,0,-20,0,-19,0.0,2006-09-20
0.0,0.0,322678.0,216952.0,-0.2124540486191157,-1.3236929279469634,-38.0,40.0,78.0,2792.0,0.9152291769344504,0.1299999999999999,0.0690185956237887,-0.1681600060714248,-0.6395863161773732,323746.0,220708.66666666663,0,0,0,0,0,0,0,0,-7,-2,-1,-1,-11,0,0,0,0,-1,0,0,0,-1,0,0,-4,-3,-2,0,0,0,0,0,0,0,0,2,0,0,0,0,0,0,0,0,0,0,0,0,0,0,0,0,0,0,1,0,0,0,0,-1,-1,0,0,0,0,0,0,0,1,0,0,0,0,-2,0,0,0,0,-1,0,-2,0,-1,0.0,2006-10-25
0.0,0.0,326849.0,229243.0,0.4150617507302887,1.4429795791567586,-22.0,74.0,96.0,4647.0,0.9310004928536224,-0.1100000000000003,0.2744746931403615,0.003780170145675,-0.2625981508689294,324254.3333333333,226965.3333333333,0,0,0,0,0,0,0,0,-4,-5,-1,-2,-14,0,-2,0,0,-1,0,0,0,-1,0,0,-1,0,-2,0,0,0,0,0,0,0,0,0,0,0,0,0,0,0,-1,0,0,0,1,0,0,0,0,0,0,0,0,0,1,0,-1,-3,0,0,1,0,0,-1,0,0,1,0,0,0,0,-3,0,0,0,0,-2,0,-1,0,-3,0.0,2006-12-12
0.0,0.0,327181.0,222969.0,-0.351176635015356,-0.872860823072735,-39.0,44.0,83.0,2614.0,0.9142434696895024,0.1500000000000003,0.0825044758908949,-0.0495229776347275,-0.2511913906209795,325569.3333333333,223054.66666666663,0,0,0,0,0,0,-1,0,-3,-3,-1,-1,-9,0,0,0,0,-2,-1,0,0,0,0,0,-1,-1,-1,0,0,0,0,0,0,-1,0,5,0,0,0,0,0,0,0,0,0,0,0,0,0,0,1,0,0,0,1,0,0,4,0,-1,0,6,0,0,0,0,0,0,1,0,0,0,0,-1,0,0,0,0,-1,0,-1,0,-5,0.0,2007-01-31
0.0,0.0,330579.0,229526.0,0.1040510290224283,1.1413477006417958,-72.0,38.0,110.0,2841.0,0.88171513060621,-0.0999999999999996,-0.3817906425309198,0.0559787149124537,0.5704888189086068,328203.0,227246.0,-1,0,0,0,0,0,0,0,-4,-1,0,0,-14,0,0,0,0,0,0,0,0,0,0,0,-4,-1,-1,0,0,0,0,0,0,0,0,2,0,0,0,0,0,0,0,0,0,0,0,0,0,0,1,0,0,0,3,0,0,0,0,-3,-3,2,0,0,0,-1,0,0,0,0,0,0,0,-1,0,0,0,0,-1,0,-1,0,-1,0.0,2007-03-21
0.0,0.0,334202.0,228836.0,-0.0699388601194911,0.4569875122896352,-46.0,52.0,98.0,2622.0,0.9073435189748644,-0.1400000000000005,-0.6007702434894638,-0.1056881553708061,0.2418247966195656,330654.0,227110.3333333333,0,0,0,0,0,0,0,0,-4,0,0,0,-11,0,0,-1,-1,0,0,0,0,0,0,0,0,-2,-2,0,0,0,0,0,0,0,0,2,0,0,0,0,0,0,0,-1,0,0,0,0,0,0,0,0,0,0,1,0,0,0,0,-2,-1,0,0,0,0,-1,0,0,0,0,0,0,0,-2,0,0,0,0,-1,-1,0,0,-2,0.0,2007-05-09
0.0,0.0,331076.0,228868.0,-0.2125504016550783,-0.1147578766359916,-43.0,46.0,89.0,2828.0,0.9103006407097092,-0.1699999999999999,-0.6969399326505462,-0.0594794109173802,0.4945257787651468,331952.3333333333,229076.66666666663,0,0,0,0,0,0,0,0,-6,-1,-3,0,-11,0,0,0,0,-2,0,0,0,0,0,0,-1,-3,-1,0,0,0,0,0,0,0,0,1,0,0,0,0,0,0,0,-1,0,0,0,0,-3,0,0,0,0,0,0,0,0,0,0,-3,-1,0,1,0,0,0,0,0,0,0,0,0,0,-4,0,0,0,0,-3,-1,0,0,-3,0.0,2007-06-28
0.0,0.5,334169.0,235758.0,-0.1458851432243589,0.0407325091562062,-52.0,51.0,103.0,3542.0,0.901429275505175,0.1600000000000001,-0.612286302272873,-0.1427914683329759,0.1276540482699503,333149.0,231154.0,-4,0,0,0,0,0,0,0,-8,0,-1,0,-12,-1,0,0,-1,-2,0,0,0,0,0,-1,-2,-1,-2,0,0,0,0,0,0,0,0,2,0,0,0,0,0,-1,0,0,0,-1,0,0,-1,0,0,0,0,0,2,0,0,0,0,-6,0,0,0,0,0,-1,0,0,0,0,0,0,0,0,0,0,0,0,-1,0,0,0,-1,0.0,2007-08-07
0.0,0.25,335442.0,226473.0,-0.2572268603365453,-0.260841399073125,-69.0,144.0,213.0,7057.0,0.8846722523410547,-0.7799999999999998,-0.584488245595021,-0.2052208017386607,-0.1116222555176364,333562.3333333333,230366.3333333333,-4,-2,0,0,0,0,0,0,-4,0,-2,0,-6,-1,0,0,-2,0,0,0,0,0,0,-1,-1,-4,-4,0,0,0,0,0,0,0,0,3,0,0,0,0,-1,0,-1,0,0,-2,0,0,-1,0,0,0,0,0,0,0,0,0,0,-3,0,0,0,0,0,-6,0,0,0,0,0,0,0,0,0,0,0,0,-3,-4,-1,0,-4,-0.5,2007-09-18
0.0,0.25,337530.0,230700.0,-0.3635682851819203,-0.5361354656592082,-907.0,830.0,1737.0,48062.0,0.0586495810744208,-0.1100000000000003,-0.6145525064613824,-0.255560096247608,-0.2520814518587086,335713.6666666667,230977.0,-6,-2,0,0,2,0,0,0,-8,-4,-6,0,-30,0,-2,0,-8,0,0,0,0,-3,0,-2,-4,-4,-12,0,0,0,0,0,0,0,0,19,0,0,0,0,0,0,0,0,0,-4,0,0,0,-2,0,0,0,0,0,0,0,0,0,-6,0,0,0,0,0,-8,0,0,4,0,0,0,0,-2,0,0,0,0,-2,-4,0,0,-8,-0.25,2007-10-31
0.0,0.5,336189.0,244443.0,-0.7187377347197237,-2.2481752066599188,-84.0,69.0,153.0,6996.0,0.869886643666831,-0.8399999999999999,-0.4984258939789243,-0.4465109600793963,-1.0150506904640837,336387.0,233872.0,-41,0,0,0,0,0,0,0,-123,-35,-107,-4,-133,0,0,0,-94,-19,0,0,0,-56,0,0,-63,-23,-140,0,0,0,0,0,0,0,0,50,0,0,0,0,0,0,-94,0,0,0,0,0,-54,0,0,0,0,0,12,0,0,0,0,-36,-14,0,0,0,0,-108,0,0,26,0,0,0,0,-18,0,0,0,0,-9,-22,-107,0,-76,-0.25,2007-12-11
0.0,0.75,337412.0,239389.0,-0.7878620330304089,-2.692871015815816,-47.0,40.0,87.0,3793.0,0.9063578117299164,-0.77,-0.2869217315437896,-0.6233893509773508,-1.825727229378314,337043.6666666667,238177.3333333333,-2,-1,0,0,1,0,0,0,-5,-6,-2,0,-8,0,-1,-1,-5,0,0,0,0,-2,-1,-2,0,-1,-10,0,-1,0,0,0,0,0,0,6,0,0,0,0,0,0,-4,0,0,-1,0,0,0,0,0,0,0,0,1,0,0,2,0,-5,-1,5,1,0,0,-8,0,0,0,0,0,0,0,-2,0,0,0,-1,-1,-5,-2,0,-11,-0.5,2008-01-30
0.0,0.25,335193.0,234868.0,-0.9872372319823118,-4.0472273829377245,-133.0,101.0,234.0,8166.0,0.8215869886643667,-0.92,0.179219784060446,-0.8312789999108148,-2.996091201804486,336264.6666666667,239566.66666666663,-1,0,0,0,0,0,0,0,-9,-9,0,0,-12,0,-1,-1,-3,-1,0,0,0,-1,0,-3,-1,-6,-13,0,0,0,0,0,0,0,0,0,0,0,0,0,0,0,-3,0,0,-2,1,0,0,0,0,0,0,0,0,0,0,0,0,-9,-1,1,0,0,-1,-6,0,0,0,0,-1,0,0,-2,0,0,0,0,-2,-2,-5,0,-2,-0.75,2008-03-18
0.0,0.0,334843.0,231086.0,-0.6936527152815789,-3.154808717915492,-49.0,38.0,87.0,3252.0,0.9043863972400198,-0.02,0.5097559722769311,-0.8229173267647664,-3.2983023722230107,335816.0,235114.3333333333,-4,0,0,0,0,0,0,0,-14,-8,0,0,-16,0,0,0,-4,0,0,0,0,-2,0,0,-2,-4,-28,0,0,0,0,0,0,0,0,14,0,0,0,0,0,0,-4,0,0,-2,2,0,0,0,0,0,0,0,0,0,0,0,0,-10,-2,0,0,0,0,-14,0,0,0,0,0,0,0,-4,0,0,0,0,-14,-6,0,-2,-12,-0.25,2008-04-30
0.0,0.0,336771.0,220411.0,-1.3798861140708685,-5.477370184857059,-19.0,37.0,56.0,2869.0,0.9339576145884672,0.3399999999999998,0.769432043516819,-1.0202586871115862,-4.2264687619034245,335602.3333333333,228788.3333333333,-3,0,0,0,0,0,0,0,-8,-4,0,0,-8,0,0,0,-3,-3,0,0,0,-2,0,0,-1,-4,-2,0,0,0,0,0,0,0,0,1,0,0,0,0,0,0,-3,0,0,0,0,0,0,0,0,0,0,0,0,-1,0,0,0,-7,-2,0,0,0,0,-3,0,0,0,0,0,0,0,0,0,0,0,0,-7,-1,-1,0,-1,0.0,2008-08-05
0.0,0.5,328343.0,215245.0,-2.594099819360521,-10.401988350808196,-49.0,43.0,92.0,4968.0,0.9043863972400198,-0.0699999999999998,1.073279635384473,-1.5558795495709894,-6.3447224178602495,333319.0,222247.3333333333,-2,0,0,0,0,0,0,0,-11,-6,0,-1,-9,0,-1,0,-2,-2,0,0,0,0,0,-1,-1,-9,-3,0,0,0,0,0,0,0,0,1,0,0,0,0,0,0,-3,0,0,0,0,0,-1,-1,0,0,0,0,0,0,0,0,0,-7,-1,0,0,0,0,-10,0,0,2,0,0,0,0,0,0,0,0,0,-3,-1,0,0,-3,0.0,2008-09-16
0.0,0.75,314830.0,191912.0,-2.4638742452940763,-10.805420416311328,-36.0,58.0,94.0,4736.0,0.9172005914243472,-0.7200000000000001,1.6246189747653152,-2.1459533929084884,-8.894926317325528,326648.0,209189.3333333333,-2,0,0,0,0,0,0,-1,-5,-3,0,-1,-16,0,0,0,-5,-3,0,0,0,0,0,-1,-1,-5,-8,0,0,0,0,0,0,0,0,1,0,0,0,0,0,0,-4,0,0,-1,1,0,-2,-3,0,0,0,0,0,0,0,0,0,-13,0,2,0,0,0,-10,0,0,1,0,0,0,0,-2,0,0,0,0,-3,-3,-7,0,-2,-0.5,2008-10-29
0.0,0.0,294025.0,173849.0,-3.507989976551193,-14.651457352967752,-80.0,243.0,323.0,18119.0,0.873829472646624,-0.85,2.2796768100981617,-2.8553213470685965,-11.952955373362428,312399.3333333333,193668.66666666663,-2,0,0,0,0,0,0,0,-4,-7,0,-1,-42,0,0,0,-1,-4,0,0,0,0,0,-2,-2,-7,-3,0,0,0,0,0,0,0,0,4,0,0,0,0,0,0,-2,0,0,-4,0,0,-1,-2,0,0,0,0,0,-2,0,0,0,-13,0,0,0,0,0,-6,0,0,0,0,0,0,0,-1,0,0,0,0,-9,0,-7,0,-3,-0.75,2008-12-16
0.0,0.0,298673.0,151085.0,-3.2113333627216862,-13.22636851337618,-28.0,49.0,77.0,4015.0,0.925086249383933,0.1,2.524181012038161,-3.061065861522318,-12.894415427551754,302509.3333333333,172282.0,-6,0,0,0,0,0,0,0,-21,-15,0,-6,-81,-3,0,0,-12,-3,0,0,0,-6,0,-6,-3,-21,-6,0,0,0,0,0,0,0,-3,18,0,0,0,0,-3,0,-12,0,0,-3,0,0,-3,-3,0,0,0,0,3,0,0,0,0,-48,0,4,0,0,0,-12,0,0,0,0,0,0,0,-6,0,-3,0,0,-21,-3,-3,0,-6,0.0,2009-01-28
0.0,0.0,292300.0,146323.0,-2.4752482733489365,-10.068061568998925,-14.0,73.0,87.0,3906.0,0.9388861508132086,0.08,2.2655516242611564,-3.0648572042072715,-12.648629145114285,294999.3333333333,157085.66666666666,-1,0,0,0,0,0,-1,0,-12,-3,-1,-4,-21,-1,-1,0,-3,0,0,0,0,0,0,0,0,-7,-1,0,0,0,0,0,0,0,0,2,0,0,0,0,0,-1,-7,0,0,-1,0,0,-4,-2,0,0,0,0,0,-1,0,0,0,-4,-1,3,0,0,-1,-3,0,0,1,0,0,0,0,-2,0,0,0,0,-10,-3,-4,0,-1,0.0,2009-03-18
0.0,0.0,293614.0,147467.0,-1.7286620046382033,-7.45302072180857,-64.0,95.0,159.0,5095.0,0.889600788565796,-0.09,1.8752199434907444,-2.471747880236275,-10.249150268061223,294862.3333333333,148291.66666666666,-3,0,0,0,0,0,0,0,-3,-8,0,-2,-15,0,0,0,0,-4,0,0,0,0,0,-2,-2,-4,-2,0,0,0,0,0,0,0,0,6,0,0,0,0,-1,-1,-4,0,0,-1,2,0,-1,-1,0,0,0,0,0,-2,0,0,0,-1,0,1,2,0,0,-3,0,0,1,0,0,0,0,-1,0,0,0,-1,-6,0,0,0,-5,0.0,2009-04-29
0.0,0.0,302169.0,147033.0,-0.6515902612107398,-2.1289708564467515,-24.0,85.0,109.0,4318.0,0.929029078363726,0.0799999999999999,1.0664486718364274,-1.6185001797326264,-6.550017715751415,296027.6666666667,146941.0,-5,0,0,0,0,0,-1,0,-7,-4,0,-1,-31,0,-1,0,-1,-2,0,0,0,0,0,0,-1,-7,0,0,-1,0,0,0,0,0,-1,12,0,0,0,0,-1,0,-4,0,0,-4,0,0,0,-1,0,0,0,0,0,-3,0,2,0,-4,-1,3,2,0,0,-6,0,0,0,0,0,0,0,-3,0,0,0,-2,-9,0,0,0,-2,0.0,2009-06-24
0.0,0.0,309023.0,157489.0,-0.1003010153682421,0.1836361409757997,-82.0,156.0,238.0,8600.0,0.8718580581567275,0.0,0.3309131807487594,-0.8268510937390615,-3.13278514575984,301602.0,150663.0,-3,0,0,0,0,0,0,0,-4,-5,0,0,-23,0,0,0,-4,-1,0,0,0,0,0,-1,-1,-7,0,0,0,0,0,0,0,0,0,7,0,0,0,0,0,-1,-9,0,0,-1,0,0,0,-3,0,0,0,0,4,-1,0,0,0,-4,-2,3,1,0,0,-1,0,0,1,0,0,0,0,-2,0,0,0,-2,-7,0,-2,0,-3,0.0,2009-08-12
0.0,0.0,301033.0,158041.0,-0.0539452661769308,0.542120139899327,-7.0,113.0,120.0,4457.0,0.9457861015278464,-0.0999999999999999,-0.4431094691692747,-0.2686121809186374,-0.4677381918572076,304075.0,154187.66666666666,0,0,0,0,0,0,0,0,-8,-4,0,0,-34,0,0,0,-4,-2,0,0,0,0,0,-2,-4,0,-4,0,-2,0,0,0,0,-2,0,6,0,0,0,0,0,0,-12,0,0,-2,0,0,-2,-4,0,0,0,0,2,0,0,0,0,-6,-4,2,4,0,0,-2,0,0,8,0,0,0,0,-2,0,0,0,-2,-6,0,-2,0,-8,0.0,2009-09-23
0.0,0.0,304154.0,161097.0,-0.1322793097745165,0.4526890937414938,-21.0,106.0,127.0,4879.0,0.9319862000985708,-0.03,-0.7172772748817335,-0.0955085304398963,0.3928151248722074,304736.6666666667,158875.66666666666,-1,0,0,0,0,0,0,0,-2,-2,0,0,-18,0,0,0,-1,-3,0,0,0,0,0,-2,-5,-1,-2,0,0,0,0,0,0,0,0,8,0,0,0,0,0,-2,-7,0,0,0,0,0,-2,-2,0,0,0,0,3,-1,0,0,0,-2,-1,5,1,0,0,0,0,0,3,0,0,0,0,-1,0,0,0,-1,-7,0,-1,0,-2,0.0,2009-11-04
0.0,0.0,308413.0,160520.0,-0.2930959915975551,0.2259476734040731,-67.0,73.0,140.0,6507.0,0.8866436668309513,-0.02,-0.9490776269549844,-0.159773522516334,0.4069189690149652,304533.3333333333,159886.0,0,0,0,0,0,0,0,0,-6,-1,0,0,-13,0,0,0,-2,-3,0,0,0,0,0,-1,-2,-2,-1,0,-1,0,0,0,0,0,0,5,0,0,0,0,-1,0,-4,0,0,0,0,0,0,-2,2,0,0,0,1,-4,0,0,0,-4,0,3,1,-1,-1,0,0,0,2,0,0,0,0,-2,0,0,0,-1,-6,-1,0,0,-1,0.0,2009-12-16
0.0,0.0,308346.0,181016.0,-0.0618985793764268,0.7398602881866156,-19.0,69.0,88.0,4025.0,0.9339576145884672,0.03,-1.0239715783186851,-0.162424626916166,0.4728323517773947,306971.0,167544.33333333334,-3,0,0,0,0,0,-1,-1,-7,-1,0,0,-7,0,0,0,-1,-3,-1,0,0,-1,0,-2,-2,-2,0,0,0,0,0,0,0,0,0,3,0,0,0,0,-2,-4,-2,-1,0,-2,2,0,0,-1,0,0,0,0,0,-1,0,1,0,-1,0,1,1,0,0,-2,0,0,1,0,0,0,0,-1,0,0,0,0,-5,0,0,0,-1,0.0,2010-01-27
0.0,0.0,315771.0,182148.0,0.5391063974208519,2.440616939467978,2.0,96.0,94.0,4247.0,0.9546574667323804,0.1,-0.9285118467598932,0.0613706088156234,1.135474967019556,310843.3333333333,174561.33333333334,-2,0,0,0,0,0,0,0,-4,-3,0,0,-7,0,0,0,0,0,0,0,0,-1,0,0,-4,-2,-1,0,-1,0,0,0,0,0,0,3,0,0,0,0,0,-4,-2,0,0,0,0,0,0,-1,0,0,0,0,2,0,0,0,0,-3,0,0,0,0,0,-4,0,0,1,0,0,0,0,-1,0,0,0,0,-8,0,0,0,-2,0.0,2010-03-16
0.0,0.0,318646.0,182948.0,0.5113723567123167,2.328884109756987,-66.0,83.0,149.0,4849.0,0.8876293740758995,0.0,-0.7211166255242524,0.329526724918914,1.8364537791371944,314254.3333333333,182037.3333333333,-2,0,0,0,0,0,0,0,-6,-3,0,0,-14,-1,0,0,-1,0,0,0,0,-1,-1,-1,-2,-3,0,0,-1,0,0,0,0,0,0,4,0,0,0,0,0,-1,-1,0,0,-1,0,0,0,0,0,1,0,0,3,-2,0,0,0,-3,0,1,0,0,0,-3,0,0,1,0,0,0,0,0,0,0,0,-1,-2,0,-1,0,-2,0.0,2010-04-28
0.0,0.0,314806.0,185667.0,-0.0198417643782333,0.8197034784996097,-35.0,77.0,112.0,4034.0,0.9181862986692952,-0.05,-0.7002421201524077,0.3435456632516452,1.863068175908192,316407.6666666667,183587.66666666663,-2,0,0,0,1,0,0,0,-7,-2,0,0,-12,0,0,0,0,0,0,0,0,-1,-1,-1,-3,-3,0,0,0,0,0,0,0,0,0,5,0,0,0,0,0,0,0,0,0,0,0,0,0,0,0,0,0,0,1,0,0,0,0,-3,0,0,0,0,0,-5,0,0,1,0,-1,0,0,0,-1,0,0,-1,-3,-2,-1,-1,-4,0.0,2010-06-23
0.0,0.0,317171.0,191745.0,-0.1647066833809803,0.0039779897077724,-6.0,84.0,90.0,4338.0,0.9467718087727944,0.0399999999999999,-0.6827471991794335,0.1089413029843678,1.0508551926547902,316874.3333333333,186786.66666666663,-2,0,0,0,0,0,0,0,-6,-2,0,0,-16,0,0,0,0,-1,0,0,0,-1,0,-3,0,-2,-3,0,0,0,0,0,0,0,0,3,0,0,0,0,0,0,0,0,0,-1,0,0,0,0,0,0,0,0,0,-2,0,0,0,-3,-1,0,0,0,0,-1,0,0,4,0,0,0,0,-1,0,0,0,0,-7,0,-3,0,0,0.0,2010-08-10
0.0,0.0,319912.0,201932.0,-0.1967234568893177,0.11564710707993,-8.0,60.0,68.0,3627.0,0.944800394282898,0.01,-0.7445554874139981,-0.1270906348828436,0.3131095250957713,317296.3333333333,193114.66666666663,-1,0,0,0,1,0,0,0,-7,0,0,0,-8,0,0,0,0,0,0,0,0,-2,0,0,-4,-1,-1,1,0,0,0,0,0,0,0,1,0,0,0,0,-1,0,-3,-1,0,-1,0,0,0,0,0,0,0,0,0,-2,0,0,0,-2,-1,0,1,0,0,0,0,0,3,0,0,0,0,-1,0,-1,0,-1,-4,0,0,0,-1,0.0,2010-09-21
0.0,0.0,324078.0,193066.0,-0.2014332388120204,0.5562047827832828,-12.0,81.0,93.0,4042.0,0.940857565303105,-0.04,-0.8617685429810944,-0.1876211263607726,0.2252766265236623,320387.0,195581.0,0,0,-1,0,0,0,0,0,-6,-1,0,0,-8,0,0,0,0,0,0,0,0,-1,0,-1,-1,-1,-1,0,0,0,0,0,0,0,0,0,0,0,0,0,0,0,-1,-1,0,-1,0,0,-1,-1,0,0,0,0,0,-4,0,2,0,-2,-2,0,0,0,0,0,0,0,1,0,0,0,0,0,0,0,0,0,-3,0,-4,0,0,0.0,2010-11-03
0.0,0.0,329684.0,193452.0,0.0040309649087952,1.99133201438344,-27.0,101.0,128.0,6191.0,0.9260719566288812,0.02,-1.3336879655678795,-0.1313752435975141,0.8877279680822182,324558.0,196150.0,0,0,0,0,0,0,0,0,-6,0,0,0,-10,-1,0,0,-1,0,0,0,0,-2,0,0,-5,-1,-2,0,0,0,0,0,0,-1,0,3,0,0,0,0,0,0,-1,0,0,0,0,0,0,0,1,0,0,0,2,0,0,0,0,-2,-1,1,0,0,0,-2,0,0,5,0,0,0,0,0,0,0,0,0,-5,0,0,0,-1,0.0,2010-12-14
0.0,0.0,332082.0,203636.0,-0.1894722041223779,1.7451654327009531,-26.0,77.0,103.0,4080.0,0.9270576638738296,0.0199999999999999,-1.8686729112143985,-0.1289581593418675,1.430900743289226,328614.6666666667,196718.0,0,0,0,0,0,0,0,0,-4,-2,0,0,-6,-1,0,0,0,-2,0,0,0,0,0,-1,-4,-2,0,0,0,0,0,0,0,0,0,3,0,0,0,0,0,0,0,0,0,0,0,0,-1,0,0,0,0,0,1,-1,0,1,0,-2,0,2,1,0,0,-3,0,0,7,0,0,0,0,-1,0,0,0,0,-7,0,0,0,-2,0.0,2011-01-26
0.0,0.0,337859.0,212748.0,0.2037764122033966,2.491444300570077,-29.0,78.0,107.0,4664.0,0.9241005421389848,-0.08,-2.0562059423022188,0.0061117243299381,2.0759805825514905,333208.3333333333,203278.66666666663,0,0,-1,0,1,0,0,0,-5,-1,0,0,-6,0,0,0,0,0,0,0,0,0,-1,0,0,-3,-3,0,-2,0,0,0,0,0,0,1,0,0,0,0,-1,0,0,0,0,-1,0,0,0,0,0,0,0,0,0,-1,0,0,0,-6,0,0,0,0,0,-2,0,0,4,0,0,0,0,0,0,0,0,0,-4,0,0,0,-1,0.0,2011-03-15
0.0,0.0,339671.0,200733.0,-0.406716220438255,0.1278041109272505,-70.0,56.0,126.0,4240.0,0.8836865450961064,0.0,-1.898829548731609,-0.1308040041190786,1.454804614732761,336537.3333333333,205705.66666666663,0,0,-1,0,0,0,0,0,-6,-2,0,0,-6,0,0,0,0,0,0,0,0,0,0,0,0,-1,-4,0,-1,0,0,0,0,0,0,3,0,0,0,0,0,0,0,0,0,0,1,0,0,0,0,0,0,0,0,-1,0,0,0,-3,0,1,0,0,0,-1,0,0,3,0,0,0,0,0,0,0,0,0,-5,0,-2,0,-3,0.0,2011-04-27
0.0,0.0,341601.0,201579.0,-0.2357876721267648,0.3657465360940848,-42.0,63.0,105.0,4010.0,0.9112863479546576,-0.04,-1.4913208555623416,-0.1462424934538742,0.9949983158638046,339710.3333333333,205020.0,0,0,0,0,1,0,0,0,-8,-2,0,0,-13,0,0,0,-3,0,0,0,0,0,-1,0,-1,-1,-2,0,0,0,0,0,0,0,0,1,0,0,0,0,0,0,-1,0,0,0,1,0,0,0,0,0,0,0,2,0,0,1,0,-1,-1,1,0,0,0,-2,0,0,0,0,0,0,0,0,0,0,0,0,-6,0,-4,0,-1,0.0,2011-06-22
0.0,0.0,341964.0,216705.0,-0.186420879501946,0.322914432465948,-60.0,65.0,125.0,4979.0,0.893543617545589,-0.02,-1.209073008407247,-0.276308257355655,0.2721550264957617,341078.6666666667,206339.0,-1,0,0,0,0,0,0,0,-6,0,0,0,-10,-1,0,0,-4,0,0,0,0,-2,-4,-1,-2,0,-1,0,0,0,0,0,0,0,0,2,0,0,0,0,0,0,-1,0,0,-2,0,0,-2,-1,0,0,0,0,1,-1,0,0,0,-3,-1,0,1,0,0,-4,0,0,4,0,-1,0,0,0,0,0,0,-1,-5,0,-5,0,-8,0.0,2011-08-09
0.0,0.0,345545.0,204738.0,-0.2459662635660682,-0.1993379189383797,-38.0,80.0,118.0,4619.0,0.9152291769344504,-0.01,-0.9185131332805856,-0.2227249383982595,0.1631076832072182,343036.6666666667,207674.0,-2,0,0,0,0,0,0,0,-6,-1,0,0,-14,0,0,0,-2,0,0,0,0,-1,0,-1,-2,-2,-2,0,0,0,0,0,-1,0,0,0,0,0,0,0,0,0,0,0,0,-2,0,0,-1,0,0,0,0,0,4,-1,0,0,0,-2,-3,0,0,0,0,-4,0,0,5,0,0,0,0,0,0,-1,0,-2,-10,0,-4,0,-4,0.0,2011-09-21
0.0,0.0,347682.0,210799.0,0.0394942868913432,0.283839373367537,-52.0,83.0,135.0,4576.0,0.901429275505175,0.0,-0.5803731795683454,-0.1309642853922235,0.1358052956317023,345063.6666666667,210747.3333333333,0,0,0,0,1,0,0,0,-12,0,0,0,-8,0,0,0,0,-1,0,0,0,-3,0,0,0,-1,0,0,0,0,0,0,0,0,0,6,0,0,0,0,0,0,-2,0,0,0,1,0,-3,0,0,0,0,0,1,-1,0,0,0,-2,-1,0,0,0,0,-9,0,0,5,0,0,0,0,0,0,0,0,0,-3,0,0,0,-1,0.0,2011-11-02
0.0,0.0,349671.0,223835.0,0.3965937291790192,1.2168889842441517,-34.0,97.0,131.0,6732.0,0.9191720059142436,0.0,-0.2200475203918404,0.0633739175014315,0.4337968128911036,347632.6666666667,213124.0,-1,0,0,0,0,0,0,0,-3,0,0,-1,-7,0,0,0,0,-2,0,0,0,-2,0,0,-2,0,-4,0,0,0,0,0,0,0,0,1,0,0,0,0,0,0,0,0,0,-1,0,0,-1,0,1,0,0,0,1,-1,0,0,0,-2,-2,0,0,0,0,-3,0,0,10,0,0,0,0,-1,0,0,0,-1,-10,0,0,0,-5,0.0,2011-12-13
0.0,0.0,352554.0,225937.0,0.484980013722264,1.4546929802072004,7.0,98.0,91.0,3998.0,0.9595860029571218,0.04,0.0539646476423278,0.3070226765975423,0.9851404459396303,349969.0,220190.3333333333,0,0,0,0,0,0,0,0,-5,0,0,0,-10,0,0,0,0,-1,0,0,0,-2,-1,0,-1,-1,-2,0,0,0,0,0,0,0,-1,9,0,0,0,0,0,0,0,-1,0,-1,0,0,-1,-2,0,0,0,0,0,-2,0,3,0,-1,0,2,0,0,0,-3,0,-1,3,0,0,0,0,-1,0,0,0,0,-3,0,0,0,-2,0.0,2012-01-25
0.0,0.0,358614.0,221576.0,-0.0016726761932575,0.1627440920470579,-87.0,75.0,162.0,4914.0,0.8669295219319862,0.03,0.0478456250716185,0.2933003555693421,0.9447753521661374,353613.0,223782.66666666663,0,0,0,0,0,0,0,0,-1,-1,0,0,-11,0,0,0,0,-2,0,0,0,-1,0,0,0,0,-2,0,0,0,0,0,0,0,0,10,0,0,0,0,0,0,0,-1,0,-2,0,0,0,-1,0,1,0,0,0,-2,0,0,0,-1,-1,1,0,0,0,-5,0,0,6,0,0,0,0,0,0,0,0,0,-4,0,-1,0,-1,0.0,2012-03-13
0.0,0.0,356588.0,218638.0,-0.0780306468856477,-0.073816549315866,-47.0,87.0,134.0,4539.0,0.9063578117299164,0.0,-0.0578463839176701,0.135092230214453,0.5145401743127981,355918.6666666667,222050.3333333333,-1,0,0,0,1,0,0,0,-5,-1,0,0,-15,0,0,0,-4,-1,0,0,0,-1,0,0,-5,-1,-1,0,0,0,0,0,0,0,0,1,0,0,0,0,0,0,-1,0,0,0,0,0,0,-1,0,0,0,0,0,-1,0,2,0,-1,0,0,0,0,0,-10,0,0,6,0,0,0,0,0,0,0,0,0,-3,0,-2,0,-4,0.0,2012-04-25
0.0,0.0,352088.0,217525.0,-0.4723756837703241,-1.4535996480938562,-33.0,78.0,111.0,4421.0,0.9201577131591918,0.0099999999999999,-0.1694239255035162,-0.1840263356164096,-0.4548907017875541,355763.3333333333,219246.3333333333,0,0,0,0,0,0,0,0,-4,0,0,0,-11,0,0,0,0,0,0,0,0,-2,0,0,0,-1,0,0,0,0,0,0,0,0,0,7,0,0,0,0,-1,0,0,-1,0,-1,0,0,0,0,0,1,0,0,0,0,0,0,0,-1,-1,0,0,0,0,-5,0,0,8,0,0,0,0,0,0,0,0,0,-5,-1,-1,0,-2,0.0,2012-06-20
0.0,0.0,353723.0,221641.0,-0.5202881163037234,-1.6475159175215617,-35.0,102.0,137.0,4821.0,0.9181862986692952,0.02,-0.1516040892840867,-0.3568981489865648,-1.058310704977094,354133.0,219268.0,-3,0,0,0,0,0,0,0,-7,-3,0,0,-12,0,0,0,-2,0,0,0,0,-1,0,0,-1,0,-4,0,0,0,0,0,0,0,0,3,0,0,0,0,0,0,-1,0,-1,-2,1,0,-1,0,0,1,0,0,0,-2,0,0,0,-2,0,0,0,0,0,-5,0,0,4,0,0,0,0,-1,0,0,0,-1,-4,0,-1,0,-1,0.0,2012-08-01
0.0,0.0,361166.0,217254.0,-0.3334918201951782,-0.856150953723189,-44.0,74.0,118.0,4641.0,0.909314933464761,0.0,-0.1792826685983267,-0.4420518734230751,-1.319088839779535,355659.0,218806.66666666663,-2,-1,0,0,0,0,0,0,-11,0,0,0,-8,0,0,0,0,0,0,0,0,-2,-1,0,-3,0,-4,0,-6,0,0,0,0,0,0,5,0,0,0,0,0,0,0,0,0,-2,1,0,-1,0,0,0,0,0,0,0,0,0,0,-1,-1,0,0,0,0,-3,0,0,5,0,0,0,0,0,0,-1,0,-1,-4,0,0,0,-4,0.0,2012-09-13
0.0,0.0,361714.0,219337.0,-0.3904524688412314,-0.9441434976784164,2.0,86.0,84.0,4181.0,0.9546574667323804,-0.0099999999999999,-0.2565969117013671,-0.4147441351133775,-1.1492701229743885,358867.6666666667,219410.66666666663,-3,-1,-1,0,0,0,0,0,-10,0,0,-1,-9,-1,0,0,-1,0,0,0,0,-3,0,0,-4,0,-2,0,-2,0,0,0,0,0,0,1,0,0,0,0,0,0,-2,0,0,0,1,0,0,0,0,0,0,0,0,-1,0,0,0,-1,0,0,0,0,0,-3,0,0,1,0,0,0,0,0,0,0,0,-1,-2,0,-2,0,-1,0.0,2012-10-24
0.0,0.0,364220.0,230285.0,-0.0407403912047949,0.2988167316462943,-39.0,100.0,139.0,6671.0,0.9142434696895024,-0.01,-0.3638880224003938,-0.2548948934137346,-0.5004925732517698,362366.6666666667,222292.0,-1,0,0,0,0,0,0,0,-7,-1,0,0,-11,0,0,0,0,0,0,0,0,-1,0,0,-1,-2,-1,0,0,0,0,0,0,0,0,3,0,0,0,0,0,0,0,0,0,0,0,0,-2,0,2,0,0,0,0,0,0,0,0,-2,-1,0,0,0,0,-3,0,0,5,0,0,0,0,0,0,0,0,0,-2,0,-2,0,-2,0.0,2012-12-12
0.0,0.0,366868.0,223890.0,-0.1092958541889561,0.2457375903828778,-64.0,93.0,157.0,4633.0,0.889600788565796,-0.0099999999999999,-0.4780309326298663,-0.1801629047449939,-0.1331963918830808,364267.3333333333,224504.0,-2,-1,-1,0,0,0,0,0,-9,0,0,0,-6,0,0,0,0,0,0,0,0,-2,0,0,-1,0,-4,0,-1,0,0,0,0,0,-2,7,0,0,0,0,0,0,-2,0,0,-3,0,0,-2,0,0,0,0,0,0,0,0,1,0,0,0,2,0,0,0,-7,0,0,3,0,0,0,0,0,0,0,0,0,-5,0,0,0,0,0.0,2013-01-30
0.0,0.0,369051.0,216621.0,-0.3438855379901586,-0.9203352337271646,-29.0,84.0,113.0,4439.0,0.9241005421389848,0.0099999999999999,-0.433385472953051,-0.164640594461303,-0.1252603038993302,366713.0,223598.66666666663,-4,0,0,0,0,0,0,0,-8,-1,0,0,-8,0,0,0,0,-2,0,0,0,-2,0,0,-2,0,-4,0,-1,0,0,0,0,0,0,8,0,0,0,0,0,0,-1,0,0,0,0,0,0,0,0,0,0,-1,1,0,0,0,0,-1,0,0,0,0,0,-1,0,0,4,0,0,0,0,0,0,0,0,0,0,0,-1,0,0,0.0,2013-03-20
0.0,0.0,367123.0,226820.0,-0.2970624424214543,-0.928244160674765,-38.0,94.0,132.0,4624.0,0.9152291769344504,-0.0399999999999999,-0.3137939591189571,-0.2500812782001895,-0.5342806013396834,367680.6666666667,222443.66666666663,0,0,0,0,1,0,0,0,-8,-1,0,0,-12,0,0,0,0,-2,0,0,0,-2,0,0,-2,0,-3,0,-1,0,0,0,0,0,0,6,0,0,0,0,0,0,-1,0,0,-1,1,0,0,0,0,0,0,0,0,0,0,0,0,-1,0,0,0,0,0,0,0,0,2,0,-1,0,0,0,0,0,0,0,-2,-1,0,0,-1,0.0,2013-05-01
0.0,0.0,370732.0,246674.0,-0.1324456447912755,-0.5503050575797327,-39.0,116.0,155.0,5180.0,0.9142434696895024,0.0,-0.0745862432730674,-0.2577978750676293,-0.7996281506605536,368968.6666666667,230038.3333333333,-3,0,0,0,0,0,0,0,-10,0,0,0,-4,0,0,0,0,-3,0,0,0,-2,0,0,-2,-1,-3,0,0,0,0,0,0,0,0,7,0,0,0,0,0,0,0,0,0,-1,0,0,-2,0,0,0,0,0,0,-2,0,0,0,-3,-1,0,0,0,0,0,0,0,4,0,0,0,0,0,-1,0,0,0,-2,0,-1,0,0,0.0,2013-06-19
0.0,0.0,373185.0,218822.0,-0.1731350985640475,-0.474353908707345,-45.0,96.0,141.0,4459.0,0.9083292262198128,-0.02,-0.0304420013510121,-0.2008810619255923,-0.6509677089872803,370346.6666666667,230772.0,-4,0,0,0,0,0,0,0,-8,0,0,-1,-16,0,0,0,0,-4,0,0,0,-2,0,0,-4,0,-2,0,-1,0,0,0,0,0,0,6,0,0,0,0,-1,0,0,0,0,-2,0,0,-1,0,0,0,0,0,0,-1,0,0,0,-2,-1,0,0,0,0,0,0,0,4,0,0,0,0,0,0,0,0,-1,-3,0,0,0,-2,0.0,2013-07-31
0.0,0.0,372330.0,238334.0,0.1267322164001293,0.679893341330346,-67.0,80.0,147.0,4835.0,0.8866436668309513,-0.0199999999999999,-0.0879555669842716,-0.059616175651731,-0.1149218749855766,372082.3333333333,234610.0,-4,0,0,0,0,0,0,0,-8,0,0,0,-12,0,0,0,0,-3,0,0,0,-1,0,0,-5,0,-1,0,0,0,0,0,0,0,0,4,0,0,0,0,0,0,0,0,0,0,0,0,-1,0,0,0,0,0,1,-1,0,0,0,0,0,0,1,0,0,-1,0,0,1,0,0,0,0,0,0,0,0,0,0,0,-1,0,-1,0.0,2013-09-18
0.0,0.0,373275.0,232617.0,-0.0332101304747466,0.5219984717921835,-25.0,125.0,150.0,5414.0,0.9280433711187778,0.03,-0.3333372351920487,-0.0265376708795547,0.242512634805062,372930.0,229924.3333333333,0,-1,0,0,0,0,0,0,-14,-1,0,0,-8,-1,0,0,0,-3,0,0,0,-1,0,0,-2,-1,-4,0,0,0,0,0,0,0,0,3,0,0,0,0,0,0,0,0,0,0,0,0,0,0,0,0,0,0,1,0,0,0,0,-2,-1,0,1,0,0,0,0,0,3,0,-1,0,0,0,0,0,0,0,0,0,-1,0,0,0.0,2013-10-30
0.0,0.0,376564.0,237477.0,-0.5151468481081859,-0.8175491857702332,-53.0,81.0,134.0,5145.0,0.9004435682602268,0.03,-0.6051250317968497,-0.1405415873942676,0.1281142091174326,374056.3333333333,236142.66666666663,-4,0,0,0,0,0,0,0,-10,-1,0,0,-16,0,0,0,0,-1,0,0,0,-1,0,0,-2,0,-4,0,-1,0,0,0,0,0,0,6,0,0,0,0,0,0,-2,0,0,0,0,0,0,0,0,0,0,0,1,-3,0,0,0,0,0,0,0,0,0,0,0,0,4,0,0,0,0,0,0,0,0,0,0,0,0,0,-3,0.0,2013-12-18
0.0,0.0,373103.0,224720.0,-0.6510743332228365,-1.0877674758313156,-40.0,104.0,144.0,7247.0,0.913257762444554,-0.03,-0.8941733378241775,-0.3998104372685895,-0.4611060632697878,374314.0,231604.66666666663,-6,0,0,0,0,0,0,0,-7,-1,0,0,-12,0,0,0,0,-1,0,0,0,-1,0,0,-4,0,-5,0,0,0,0,0,0,0,0,2,0,0,0,0,0,0,-1,-1,0,-2,0,0,0,0,0,0,0,-1,1,0,0,0,0,-1,0,0,0,0,0,0,0,0,3,0,0,0,0,0,0,0,0,0,-1,0,0,0,-1,0.0,2014-01-29
0.0,0.0,382202.0,234867.0,0.4598443441430397,1.902587485499919,-8.0,60.0,68.0,3746.0,0.944800394282898,0.01,-0.7976319461288188,-0.2354589457293274,-0.0009097253672093,377289.6666666667,232354.66666666663,-2,0,0,0,0,0,0,0,-4,-1,0,0,-15,0,0,0,0,-3,0,0,0,-1,-2,0,-5,0,-3,0,-1,0,0,0,0,0,-1,5,0,0,0,0,0,0,0,0,0,0,0,0,0,0,0,0,0,0,0,-1,0,2,0,-2,0,2,0,0,0,-2,0,0,5,0,0,0,0,0,0,0,0,0,0,0,0,0,0,0.0,2014-03-19
0.0,0.0,386409.0,237974.0,0.3246856289421249,1.1807781084121305,-62.0,82.0,144.0,4871.0,0.8915722030556925,-0.02,-0.5154352269103757,0.0444852132874428,0.6651993726935785,380571.3333333333,232520.3333333333,-2,0,0,0,0,0,0,0,-3,0,0,0,-7,0,0,0,0,-1,0,0,0,0,0,0,-4,0,-4,0,0,0,0,0,0,0,0,2,0,0,0,0,0,0,0,0,0,0,0,0,0,-1,0,0,0,0,2,-1,0,0,0,-1,0,1,0,0,0,0,0,0,2,0,0,0,0,0,0,0,0,0,0,0,-2,0,-2,0.0,2014-04-30
0.0,0.0,387738.0,238175.0,0.4367991090836723,1.024093556262549,-49.0,99.0,148.0,5107.0,0.9043863972400198,0.01,0.008995019893064,0.4071096940562791,1.3691530500582,385449.6666666667,237005.3333333333,-1,0,0,0,1,0,0,0,-8,0,0,0,-14,0,0,0,0,-1,0,0,0,0,0,0,-2,-2,-3,0,-1,0,0,0,0,0,0,5,0,0,0,0,0,0,0,0,0,0,0,0,0,0,0,0,0,0,1,0,0,0,0,0,0,0,0,0,0,0,0,0,1,0,0,0,0,0,0,0,0,0,-2,-1,-1,0,0,0.0,2014-06-18
0.0,0.0,387978.0,297311.0,0.4652838378446692,1.043083279285644,-44.0,98.0,142.0,5140.0,0.909314933464761,-0.01,0.3016384844129741,0.4089228586234889,1.082651647986775,387375.0,257820.0,-1,0,0,0,0,0,0,0,-8,0,-1,0,-9,0,-1,0,0,-5,0,0,0,-1,0,0,-5,-1,0,0,0,0,0,0,0,0,0,6,0,0,0,0,0,0,0,0,0,-1,1,0,-2,0,1,0,0,-1,1,0,0,0,0,-1,0,0,0,0,0,-1,0,0,6,0,0,0,0,0,0,0,0,0,0,0,-1,0,-3,0.0,2014-07-30
0.0,0.0,389504.0,236971.0,0.2318519157380389,0.2605505134808489,-56.0,103.0,159.0,5335.0,0.897486446525382,-0.0099999999999999,0.5035568366200626,0.3779782875554602,0.7759091163430146,388406.6666666667,257485.66666666663,-2,0,0,0,0,0,0,0,-5,0,0,-1,-7,0,0,0,-1,-4,0,0,0,-3,0,0,-3,0,-1,0,0,0,0,0,0,0,-1,9,0,0,0,0,0,0,0,0,0,0,0,0,-1,0,0,0,0,0,0,-1,0,0,0,-1,0,0,0,0,0,0,-1,0,3,0,0,0,0,0,0,0,0,0,-3,0,-2,0,-1,0.0,2014-09-17
0.0,0.0,390417.0,232753.0,0.1768281189550392,0.0172175309420733,-41.0,73.0,114.0,4183.0,0.9122720551996056,-0.01,0.5456331564163351,0.2913212908459159,0.4402837745695226,389299.6666666667,255678.3333333333,-2,0,0,0,0,0,0,0,-9,0,0,0,-22,0,0,0,-1,-2,0,0,0,-1,0,0,-3,0,-1,0,0,0,0,0,0,0,0,6,0,0,0,0,0,0,0,0,0,0,1,0,-1,0,0,0,0,0,1,0,0,0,0,-1,-2,0,0,0,0,0,0,0,1,0,0,0,0,0,0,0,0,0,-1,0,-2,0,-1,0.0,2014-10-29
0.0,0.0,388028.0,225328.0,0.1794455024953689,-0.0681316808774525,-107.0,105.0,212.0,7768.0,0.8472153770330213,0.01,0.5932807318436447,0.1960418457294824,0.0698787878484905,389316.3333333333,231684.0,-2,0,0,0,0,0,0,0,-4,0,0,0,-24,0,0,0,-1,0,0,0,0,-3,0,0,-1,0,0,0,0,0,0,0,0,0,0,5,0,0,0,0,0,0,0,0,0,-1,0,0,0,0,0,0,0,0,0,-1,0,0,0,-1,-1,0,0,0,0,0,0,0,1,0,0,0,0,0,0,0,0,0,-3,-1,0,0,0,0.0,2014-12-17
0.0,0.0,385289.0,225583.0,-0.2545374823879622,-1.4824591565826462,-33.0,90.0,123.0,5288.0,0.9201577131591918,0.0,0.6250721679547694,0.0339120463541487,-0.5111244355060078,387911.3333333333,227888.0,-4,-1,0,0,0,0,0,0,-12,-1,0,0,-35,0,0,0,-3,-1,0,0,0,-2,0,0,-6,0,-6,0,0,0,0,0,0,0,0,5,0,0,0,0,-1,0,0,0,0,-1,0,0,0,0,0,0,0,0,0,0,0,1,0,-2,0,2,0,0,0,-1,0,0,3,0,0,0,0,0,0,0,0,0,-1,0,-2,0,-2,0.0,2015-01-28
0.0,0.0,390850.0,228929.0,0.1197016416754899,0.021321729532476,-40.0,83.0,123.0,4918.0,0.913257762444554,0.0099999999999999,0.5591991293911746,0.0148698872609656,-0.509756369309207,388055.6666666667,226613.3333333333,-2,0,0,0,0,0,0,0,-3,0,0,0,-20,0,0,0,0,0,0,0,0,-1,0,0,-2,-2,0,0,0,0,0,0,0,0,0,6,0,0,0,0,0,0,-1,0,0,-1,1,0,0,0,0,0,0,0,0,-1,0,0,0,0,-1,1,0,0,0,0,0,0,0,0,0,0,0,0,0,0,0,0,-2,0,0,0,0,0.0,2015-03-18
0.0,0.0,391130.0,226400.0,-0.145914508416252,-0.9166138460287996,-38.0,110.0,148.0,5201.0,0.9152291769344504,0.0,0.474642784127037,-0.0935834497095746,-0.7925837576929893,389089.6666666667,226970.66666666663,-4,0,0,0,0,0,0,0,-3,0,0,0,-22,0,0,0,0,0,0,0,0,-1,0,0,-3,-1,0,0,0,0,0,0,0,0,0,3,0,0,0,0,-1,0,-1,0,0,-3,0,0,-1,0,0,1,0,0,0,-1,0,0,0,-3,0,0,0,0,0,-1,0,0,1,0,0,0,0,0,0,0,0,0,-3,0,-6,0,-6,0.0,2015-04-29
0.0,0.0,394743.0,229862.0,-0.1246936295167224,-0.8920105854149782,-23.0,111.0,134.0,5447.0,0.9300147856086742,-0.0099999999999999,0.4244411679302922,-0.0503021654191613,-0.5957675673037667,392241.0,228397.0,-2,-1,0,0,0,0,0,0,-4,0,0,-1,-15,0,0,0,-1,-4,0,0,0,0,0,0,-4,0,0,0,0,0,0,0,0,0,0,6,0,0,0,0,-1,0,0,0,0,-1,0,0,-3,0,0,0,0,0,2,-1,0,0,0,-1,0,1,3,0,0,0,0,0,4,0,0,0,0,0,0,0,0,0,-3,-1,0,0,-3,0.0,2015-06-17
0.0,0.0,398028.0,225207.0,0.0632297854041916,-0.1832971368929671,-42.0,84.0,126.0,4806.0,0.9112863479546576,0.02,0.4288816566797925,-0.0691261175095941,-0.6639738561122477,394633.6666666667,227156.3333333333,-3,0,0,0,0,0,-2,0,-6,-1,0,0,-23,0,0,0,-1,-6,0,0,0,0,0,0,-7,0,-1,0,0,0,0,0,0,0,0,8,0,0,0,0,0,0,0,0,0,-1,0,0,0,0,0,0,0,0,0,-1,0,0,0,-3,0,0,0,0,0,0,0,0,2,0,0,0,0,0,0,0,0,0,-2,0,-1,0,-1,0.0,2015-07-29
0.0,0.0,395641.0,218286.0,-0.3509114354809649,-1.5720597902917497,-29.0,91.0,120.0,5251.0,0.9241005421389848,0.0,0.4158891669745683,-0.137458426531165,-0.8824558375332311,396137.3333333333,224451.66666666663,-4,-1,0,0,0,0,0,-1,-7,-1,0,0,-29,0,-1,0,-2,-4,0,0,0,-1,0,0,-10,0,-1,0,0,0,0,0,0,0,0,6,0,0,0,0,0,0,0,0,0,0,0,0,-1,0,0,0,0,0,0,0,0,0,0,-2,0,0,0,0,0,0,0,0,2,0,0,0,0,0,0,0,0,0,-3,0,-1,0,-3,0.0,2015-09-17
0.25,0.0,394266.0,226002.0,-0.4512483191812401,-2.0887933202082705,-40.0,88.0,128.0,4993.0,0.913257762444554,-0.03,0.4460840273089627,-0.2463099897526709,-1.2813834157976618,395978.3333333333,223165.0,-2,-1,-1,0,0,0,0,0,-13,-1,0,0,-24,0,0,0,0,-4,0,0,0,-1,0,0,-6,0,-1,0,-1,0,0,0,0,0,-1,7,0,0,0,0,0,0,-1,0,0,-2,0,0,-1,0,0,0,0,0,1,-1,0,0,0,-3,0,0,0,0,0,-1,0,0,2,0,0,0,0,0,0,0,0,0,-2,0,0,0,-2,0.0,2015-10-28
0.0,0.0,396826.0,218351.0,-0.3544374171714149,-2.024031329651196,-131.0,76.0,207.0,7636.0,0.8235584031542632,0.21,0.5880487059013848,-0.3855323906112065,-1.8949614800504049,395577.6666666667,220879.66666666663,-1,-1,0,0,0,0,0,0,-7,-1,0,-1,-25,0,-2,0,0,-5,0,0,0,0,0,0,-5,-1,0,0,0,0,0,0,0,0,0,7,0,0,0,0,-1,0,0,0,0,-1,0,0,0,0,0,0,0,0,0,0,0,0,0,0,0,0,3,0,0,-1,0,0,2,0,0,0,0,0,0,0,0,0,-5,-1,0,0,-4,0.25,2015-12-16
0.0,0.0,394486.0,228376.0,-0.2648160854584447,-1.653194825824641,-45.0,87.0,132.0,5008.0,0.9083292262198128,0.0799999999999999,0.7123092023787638,-0.3568339406036998,-1.9220064918947015,395192.6666666667,224243.0,-4,0,0,0,0,0,0,0,-9,-1,0,0,-33,0,0,0,-1,0,0,0,0,-1,0,0,-4,-1,0,0,0,0,0,0,0,0,0,5,0,0,0,0,0,0,-1,0,0,-1,0,0,-2,0,0,0,0,0,0,0,0,1,0,-3,0,2,3,0,0,0,0,0,1,0,0,0,0,0,0,0,0,0,-2,-1,0,0,-1,0.0,2016-01-27
0.0,0.0,396630.0,217946.0,-0.4197389708730224,-1.7702368906060324,-47.0,125.0,172.0,5947.0,0.9063578117299164,0.02,0.6417028432471308,-0.3463308245009606,-1.815821015360623,395980.6666666667,221557.66666666663,-3,-1,0,0,0,0,0,0,-11,-1,0,0,-20,0,0,0,-3,0,0,0,0,-1,-2,0,-3,0,-3,0,0,0,0,0,0,0,0,7,0,0,0,0,0,0,0,0,0,-2,0,0,-1,0,0,0,0,0,2,-2,0,0,0,-2,-4,0,0,0,0,-1,0,0,1,0,0,0,0,0,0,0,0,0,-3,-1,-2,0,-3,0.0,2016-03-16
0.0,0.0,398199.0,230089.0,-0.2053040916604285,-1.1948096472436236,-52.0,91.0,143.0,5302.0,0.901429275505175,-0.09,0.5336911041603135,-0.2966197159972984,-1.5394137878914318,396438.3333333333,225470.3333333333,-1,0,0,0,0,0,0,0,-4,-1,0,-1,-21,0,-1,0,-1,-5,0,0,0,-1,0,0,-2,-2,-3,0,0,0,0,0,0,0,0,14,0,0,0,0,0,0,-1,0,0,0,0,0,-4,0,1,0,0,0,1,0,0,0,0,-3,-1,0,1,0,0,-3,0,-1,3,0,-1,0,0,0,0,0,0,0,-6,0,-2,0,-3,0.0,2016-04-27
0.0,0.0,404475.0,207317.0,-0.0157894330784508,-0.5521645258944788,-60.0,116.0,176.0,6504.0,0.893543617545589,0.0199999999999999,0.4478721102229155,-0.2136108318706337,-1.172403687914711,399768.0,218450.66666666663,-2,-2,0,0,0,0,0,0,-6,0,0,0,-32,-1,-1,0,-1,-3,0,0,0,0,-1,0,-2,-2,0,0,0,0,0,0,0,0,0,4,0,0,0,0,0,0,0,0,0,0,0,0,-1,0,0,0,0,0,2,-2,0,0,0,-2,0,1,1,0,0,-1,0,0,2,0,0,0,0,0,0,0,0,0,-4,-2,-1,0,-4,0.0,2016-06-15
0.0,0.0,403827.0,214614.0,-0.1338229961452127,-0.8934803624951704,-56.0,86.0,142.0,5742.0,0.897486446525382,0.07,0.4784650128137088,-0.1183055069613638,-0.8801515118777571,402167.0,217340.0,-2,0,-3,0,0,0,0,0,-6,0,0,0,-32,-1,0,0,-1,-6,0,0,0,-1,-1,-1,-2,-2,-2,0,0,0,0,0,0,0,0,2,0,0,0,0,0,0,0,0,0,-5,0,0,-2,0,1,0,0,0,2,-1,0,0,0,-4,0,0,1,0,0,-1,0,0,3,0,0,0,0,0,0,-3,0,0,-5,0,-4,0,-3,0.0,2016-07-27
0.0,0.0,406064.0,216736.0,-0.2308024272975288,-0.8409555831524854,-40.0,98.0,138.0,5940.0,0.913257762444554,-0.03,0.3317219399152815,-0.1268049521737306,-0.762200157180711,404788.6666666667,212889.0,-3,0,-1,0,0,0,0,0,-4,-1,0,0,-16,0,0,-1,0,-1,0,0,0,-1,0,0,-3,-1,-1,0,-1,0,0,0,-1,0,-1,5,0,0,0,0,0,0,0,0,0,0,0,0,-1,0,0,0,0,0,0,-2,0,0,0,-1,-1,2,0,0,0,0,0,0,0,0,0,0,0,0,0,0,0,0,-1,0,-1,0,0,0.0,2016-09-21
0.25,0.0,407120.0,233161.0,-0.1760457523780533,-0.4751039148561667,-80.0,80.0,160.0,5383.0,0.873829472646624,0.0,0.125079933871958,-0.1802237252735981,-0.7365132868346068,405670.3333333333,221503.66666666663,-1,-1,0,0,0,0,0,0,-7,-1,0,0,-14,0,0,0,0,0,0,0,0,-1,-1,-1,-2,0,-2,0,0,0,0,0,0,0,0,2,0,0,0,0,0,0,0,0,0,0,0,0,0,0,2,0,0,0,2,-2,0,0,0,-2,0,2,0,0,0,0,0,0,0,0,0,0,0,0,0,0,0,0,-4,0,0,0,-1,0.0,2016-11-02
0.0,0.0,412576.0,219506.0,0.1909145286292569,0.9270929012368776,-77.0,102.0,179.0,7701.0,0.8767865943814688,0.24,-0.1150969739321366,-0.0719778836821082,-0.1296555322572576,408586.6666666667,223134.3333333333,-2,-1,-1,0,0,0,0,0,-2,0,0,0,-19,0,0,0,0,0,0,0,0,0,-2,0,-1,-1,0,0,0,0,0,0,0,0,0,5,0,0,0,0,-1,0,0,0,0,-1,0,0,0,0,0,0,0,0,1,-1,0,0,0,0,0,0,0,0,0,0,0,0,4,0,0,0,0,0,0,0,0,0,-2,0,0,0,-2,0.25,2016-12-14
0.25,0.0,415749.0,218959.0,0.0793363491322747,0.9567635319179704,-86.0,75.0,161.0,5741.0,0.8679152291769345,-0.02,-0.364140164901752,0.0314017084611595,0.4695841727662277,411815.0,223875.3333333333,-2,-1,0,0,0,0,0,0,-2,-1,0,0,-4,0,-1,0,0,-2,0,0,0,0,0,0,-1,0,0,0,0,0,0,0,0,0,-2,5,0,0,0,0,0,0,0,0,0,-1,0,0,0,0,0,0,0,0,0,-1,0,1,0,-2,0,3,0,0,0,-2,0,0,3,0,0,0,0,0,0,0,0,0,-1,0,-1,0,0,0.0,2017-02-01
0.0,0.0,414836.0,222381.0,0.063288243690875,0.4914986868356126,-72.0,76.0,148.0,5546.0,0.88171513060621,0.2199999999999999,-0.4160944925581758,0.1111797071508023,0.7917850399968208,414387.0,220282.0,-5,0,0,0,0,0,-2,0,-1,-1,-1,0,-2,0,0,0,0,-3,0,0,0,-1,-1,0,-1,0,-1,0,0,0,0,0,0,0,0,3,0,0,0,0,0,0,0,0,0,-1,0,0,-1,0,0,0,0,0,0,-2,0,0,0,-1,0,0,0,0,-1,0,0,0,5,0,0,0,0,0,0,0,0,0,-1,0,-2,0,0,0.25,2017-03-15
0.25,0.0,416541.0,223956.0,0.273425351019067,1.3370347125504811,-102.0,63.0,165.0,5447.0,0.8521439132577625,0.06,-0.4595737860495377,0.1386833146140723,0.9284323104346884,415708.6666666667,221765.3333333333,-2,0,0,0,0,0,0,0,-7,0,0,0,-12,0,0,0,-1,-2,0,0,0,0,0,0,-2,-1,-2,0,0,0,0,0,0,0,0,4,0,0,0,0,0,0,0,0,0,0,0,0,0,0,0,0,0,0,3,-1,0,0,0,-2,0,0,0,0,0,-1,0,0,3,0,0,0,0,0,0,0,0,0,-2,0,-6,0,-3,0.0,2017-05-03
